Total Pop,Males < 5,Males 5-9,Males 10-14,Males 15-17,Females < 5,Females 5-9,Females 10-14,Females 15-17,# Foreign Born,Overseas Move Past Year,Total Fam HH,1-person Fam HH,2-person Fam HH,3-person Fam HH,4-person Fam HH,5-person Fam HH,6-person Fam HH,7+-person Fam HH,Total non-Fam HH,1-person non-Fam HH,2-person non-Fam HH,3-person non-Fam HH,4-person non-Fam HH,5-person non-Fam HH,6-person non-Fam HH,7+-person non-Fam HH,Total Female Population,Women 15-50 Who've Given Birth,Total Male Public School,Male Public Age 3-4,Male Public Age 5-9,Male Public Age 10-14,Male Public Age 15-17,Total Male Private School,Male Private Age 3-4,Male Private Age 5-9,Male Private Age 10-14,Male Private Age 15-17,Total Male Not Enrolled,Male Not Enrolled Age 3-4,Male Not Enrolled Age 5-9,Male Not Enrolled Age 10-14,Male Not Enrolled Age 15-17,Total Female Public School,Female Public Age 3-4,Female Public Age 5-9,Female Public Age 10-14,Female Public Age 15-17,Total Female Private School,Female Private Age 3-4,Female Private Age 5-9,Female Private Age 10-14,Female Private Age 15-17,Total Female Not Enrolled,Female Not Enrolled Age 3-4,Female Not Enrolled Age 5-9,Female Not Enrolled Age 10-14,Female Not Enrolled Age 15-17,Total Below Poverty Level Ages 3+,Below Poverty Level Enrolled in School Ages 3+,Below Poverty Level Preschool,Below Poverty Level Kinder,Below Poverty Level Grades 1-4,Below Poverty Level Grades 5-8,Below Poverty Level Grades 9-12,Below Poverty Level Not Enrolled Ages 3+,Above Poverty Level Preschool,Above Poverty Level Kinder,Above Poverty Level Grades 1-4,Above Poverty Level Grades 5-8,Above Poverty Level Grades 9-12,NAME,county,state
250699.0,11511.0,11200.0,11359.0,7360.0,10870.0,10802.0,10655.0,6856.0,62201.0,619.0,73586.0,57613.0,17071.0,12446.0,12833.0,8385.0,3989.0,2889.0,15973.0,12851.0,2438.0,339.0,213.0,59.0,73.0,0.0,63240.0,5159.0,37705.0,1179.0,10470.0,11003.0,7040.0,2257.0,287.0,305.0,253.0,136.0,79225.0,3035.0,425.0,103.0,184.0,38231.0,1207.0,9978.0,10318.0,6585.0,2599.0,201.0,477.0,274.0,112.0,77008.0,2798.0,347.0,63.0,159.0,48875.0,21085.0,790.0,1387.0,5816.0,4658.0,4664.0,27790.0,2724.0,2347.0,11927.0,12634.0,15193.0,"Merced County, California",047,06
9605.0,262.0,277.0,334.0,213.0,250.0,319.0,307.0,167.0,634.0,0.0,3977.0,2583.0,1428.0,511.0,313.0,212.0,93.0,26.0,1394.0,1239.0,155.0,0.0,0.0,0.0,0.0,0.0,1818.0,97.0,911.0,52.0,219.0,314.0,198.0,88.0,0.0,40.0,20.0,0.0,3687.0,80.0,18.0,0.0,15.0,1082.0,29.0,304.0,248.0,152.0,87.0,24.0,0.0,16.0,15.0,3500.0,77.0,15.0,43.0,0.0,1617.0,631.0,52.0,36.0,127.0,99.0,185.0,986.0,68.0,45.0,348.0,394.0,324.0,"Modoc County, California",049,06
13905.0,413.0,143.0,654.0,354.0,500.0,428.0,353.0,127.0,2564.0,89.0,5283.0,3131.0,1254.0,868.0,463.0,396.0,126.0,24.0,2152.0,1522.0,392.0,217.0,0.0,21.0,0.0,0.0,3362.0,69.0,1462.0,49.0,120.0,552.0,354.0,145.0,34.0,0.0,102.0,0.0,5731.0,38.0,23.0,0.0,0.0,1192.0,33.0,428.0,256.0,127.0,177.0,76.0,0.0,97.0,0.0,4661.0,146.0,0.0,0.0,0.0,1658.0,454.0,0.0,0.0,125.0,140.0,64.0,1204.0,196.0,60.0,493.0,603.0,585.0,"Mono County, California",051,06
407435.0,16683.0,14707.0,15142.0,9700.0,15861.0,14456.0,13739.0,9201.0,122788.0,3756.0,124963.0,89606.0,30718.0,18026.0,18401.0,11273.0,5879.0,5309.0,35357.0,27554.0,5956.0,1006.0,674.0,40.0,52.0,75.0,99140.0,6325.0,50461.0,2277.0,13235.0,13765.0,8263.0,6520.0,693.0,805.0,1137.0,910.0,142865.0,3728.0,667.0,240.0,527.0,51288.0,1906.0,12961.0,12406.0,8191.0,5880.0,710.0,875.0,1236.0,714.0,131121.0,3930.0,620.0,97.0,296.0,50330.0,19907.0,1245.0,1287.0,5087.0,4281.0,4614.0,30423.0,5218.0,4676.0,17446.0,17011.0,22525.0,"Monterey County, California",053,06
134051.0,4191.0,4566.0,4322.0,2887.0,3842.0,3897.0,4746.0,2779.0,30160.0,1245.0,49179.0,32917.0,13780.0,6804.0,6780.0,2884.0,1519.0,1150.0,16262.0,12890.0,2845.0,321.0,157.0,49.0,0.0,0.0,31232.0,1837.0,13103.0,418.0,3848.0,3725.0,2393.0,2967.0,420.0,469.0,399.0,373.0,48090.0,765.0,249.0,198.0,121.0,14058.0,537.0,3014.0,4156.0,2470.0,3220.0,394.0,633.0,465.0,258.0,47721.0,607.0,250.0,125.0,51.0,12449.0,3697.0,282.0,216.0,877.0,805.0,702.0,8752.0,1908.0,1290.0,5643.0,6083.0,6752.0,"Napa County, California",055,06
98186.0,2333.0,2664.0,3031.0,2241.0,2006.0,2279.0,3095.0,2034.0,5393.0,515.0,41255.0,27918.0,15265.0,5836.0,4324.0,1485.0,656.0,352.0,13337.0,10316.0,2640.0,255.0,82.0,44.0,0.0,0.0,19850.0,992.0,9514.0,433.0,2189.0,2668.0,2129.0,1273.0,294.0,382.0,304.0,62.0,36769.0,421.0,93.0,59.0,50.0,9711.0,308.0,2026.0,2797.0,1870.0,1312.0,253.0,177.0,298.0,107.0,37258.0,281.0,76.0,0.0,57.0,8398.0,2506.0,133.0,146.0,371.0,506.0,728.0,5892.0,1238.0,724.0,3544.0,4590.0,4704.0,"Nevada County, California",057,06
2965525.0,100277.0,101984.0,107811.0,69600.0,95416.0,98394.0,101800.0,65818.0,903037.0,24096.0,984503.0,699333.0,241324.0,152604.0,159767.0,79589.0,35375.0,30674.0,285170.0,218517.0,51135.0,9612.0,3834.0,1270.0,464.0,338.0,776171.0,41741.0,363975.0,8900.0,83818.0,95955.0,61708.0,62578.0,10054.0,14145.0,10526.0,5483.0,979776.0,19853.0,4021.0,1330.0,2409.0,364316.0,9987.0,81407.0,90003.0,59247.0,67009.0,10559.0,13360.0,10777.0,5024.0,1010455.0,18924.0,3627.0,1020.0,1547.0,279866.0,115043.0,4829.0,5456.0,20527.0,22669.0,24584.0,164823.0,42105.0,34763.0,135165.0,142770.0,158896.0,"Orange County, California",059,06
336477.0,10590.0,11209.0,12923.0,7783.0,10069.0,11606.0,11768.0,7600.0,34019.0,1189.0,129153.0,92254.0,41864.0,18723.0,20346.0,7741.0,2280.0,1300.0,36899.0,29165.0,6631.0,674.0,315.0,114.0,0.0,0.0,79389.0,4169.0,38607.0,1223.0,9477.0,11620.0,7133.0,5815.0,1469.0,1232.0,1171.0,509.0,114110.0,2089.0,500.0,132.0,141.0,38057.0,967.0,9541.0,10127.0,6784.0,7686.0,1499.0,1743.0,1433.0,645.0,120365.0,1575.0,322.0,208.0,171.0,21215.0,6725.0,331.0,333.0,1282.0,1322.0,1521.0,14490.0,5560.0,4488.0,16670.0,17340.0,19320.0,"Placer County, California",061,06
20392.0,429.0,626.0,632.0,466.0,436.0,362.0,501.0,358.0,1171.0,0.0,10090.0,6174.0,3924.0,1037.0,792.0,306.0,71.0,44.0,3916.0,3266.0,637.0,13.0,0.0,0.0,0.0,0.0,3992.0,187.0,2030.0,131.0,530.0,596.0,441.0,259.0,0.0,96.0,26.0,12.0,7884.0,20.0,0.0,10.0,13.0,1737.0,33.0,308.0,480.0,335.0,242.0,27.0,0.0,0.0,0.0,7790.0,204.0,54.0,21.0,23.0,2250.0,868.0,18.0,88.0,84.0,85.0,248.0,1382.0,223.0,188.0,617.0,861.0,900.0,"Plumas County, California",063,06
2109464.0,82312.0,82546.0,90076.0,56683.0,79810.0,80521.0,85342.0,53940.0,471927.0,11847.0,666906.0,493115.0,166876.0,99535.0,104423.0,66354.0,31825.0,24102.0,173791.0,136119.0,30464.0,4118.0,1750.0,907.0,228.0,205.0,526897.0,32644.0,274285.0,7642.0,72120.0,82668.0,52223.0,34712.0,5205.0,6530.0,6230.0,3106.0,692404.0,19917.0,3896.0,1178.0,1354.0,273871.0,7349.0,70231.0,78804.0,49364.0,38812.0,5270.0,7041.0,5543.0,3255.0,699057.0,20416.0,3249.0,995.0,1321.0,258293.0,99134.0,4505.0,6244.0,24353.0,22982.0,25344.0,159159.0,23424.0,26234.0,105343.0,113701.0,127684.0,"Riverside County, California",065,06
1395144.0,51299.0,49850.0,51456.0,33161.0,49194.0,46976.0,49423.0,31333.0,273770.0,7846.0,508499.0,333019.0,127174.0,76963.0,70081.0,33091.0,13815.0,11895.0,175480.0,136739.0,31481.0,4860.0,1633.0,501.0,141.0,125.0,362879.0,20744.0,172941.0,5296.0,43000.0,46223.0,29701.0,25160.0,4195.0,5270.0,4528.0,2545.0,454369.0,10619.0,1580.0,705.0,915.0,179907.0,5592.0,40518.0,44614.0,27603.0,27625.0,4430.0,5181.0,4095.0,3053.0,475428.0,10647.0,1277.0,714.0,677.0,178238.0,75240.0,3355.0,4593.0,15849.0,14945.0,15580.0,102998.0,18163.0,15564.0,60402.0,63314.0,72527.0,"Sacramento County, California",067,06
54492.0,2140.0,2207.0,2485.0,1503.0,2027.0,2162.0,2143.0,1519.0,11586.0,947.0,16812.0,13377.0,4332.0,2864.0,2933.0,1714.0,911.0,623.0,3435.0,2794.0,558.0,42.0,21.0,20.0,0.0,0.0,13795.0,679.0,6635.0,200.0,1818.0,2081.0,1348.0,1224.0,263.0,311.0,376.0,85.0,18396.0,608.0,78.0,28.0,70.0,7380.0,141.0,1939.0,1894.0,1433.0,870.0,248.0,195.0,185.0,42.0,17679.0,399.0,28.0,64.0,44.0,6054.0,2033.0,46.0,160.0,457.0,488.0,487.0,4021.0,905.0,768.0,2913.0,3393.0,3212.0,"San Benito County, California",069,06
2005287.0,81607.0,80825.0,88007.0,57149.0,78286.0,77307.0,83142.0,54333.0,432631.0,11675.0,596125.0,456427.0,135100.0,96719.0,103682.0,64348.0,32408.0,24170.0,139698.0,111472.0,22386.0,3565.0,1289.0,625.0,270.0,91.0,527500.0,32042.0,276416.0,9613.0,72339.0,81675.0,52114.0,32535.0,3959.0,5393.0,5086.0,2923.0,642467.0,20701.0,3093.0,1246.0,2112.0,279417.0,8732.0,68944.0,77276.0,49972.0,37140.0,4176.0,5218.0,4617.0,2668.0,643025.0,18425.0,3145.0,1249.0,1693.0,268820.0,107967.0,5215.0,6428.0,25372.0,26910.0,26776.0,160853.0,23435.0,23846.0,100328.0,107932.0,123915.0,"San Bernardino County, California",071,06
3022468.0,103229.0,99442.0,99495.0,66613.0,98906.0,92537.0,96525.0,62201.0,698486.0,34689.0,1061789.0,703747.0,270989.0,161252.0,150730.0,71307.0,29766.0,19703.0,358042.0,266382.0,71983.0,12561.0,5303.0,1405.0,293.0,115.0,788674.0,44060.0,368020.0,11118.0,86780.0,90013.0,60514.0,58815.0,9753.0,9146.0,8294.0,4169.0,1027006.0,19412.0,3516.0,1188.0,1930.0,364546.0,11209.0,80282.0,87087.0,56383.0,61359.0,8967.0,8803.0,8007.0,4244.0,1019267.0,18221.0,3452.0,1431.0,1574.0,340716.0,143287.0,5803.0,6414.0,24676.0,23697.0,29856.0,197429.0,40152.0,32264.0,126097.0,128942.0,146071.0,"San Diego County, California",073,06
789172.0,17677.0,13989.0,13439.0,9148.0,17074.0,13240.0,13040.0,8927.0,281062.0,10616.0,335956.0,150329.0,67506.0,35258.0,27325.0,11082.0,4966.0,4192.0,185627.0,134874.0,38499.0,7557.0,3505.0,735.0,224.0,233.0,219806.0,8549.0,58245.0,1519.0,9488.0,9847.0,6984.0,22407.0,2632.0,4174.0,3279.0,1822.0,307924.0,2419.0,327.0,313.0,342.0,61058.0,1320.0,9310.0,9924.0,6820.0,24718.0,2461.0,3549.0,2956.0,1722.0,292763.0,2343.0,381.0,160.0,385.0,90069.0,30788.0,762.0,581.0,2167.0,2888.0,3860.0,59281.0,8475.0,5047.0,18290.0,18051.0,21224.0,"San Francisco County, California",075,06
673613.0,28178.0,27122.0,29176.0,18666.0,26744.0,26051.0,27734.0,17194.0,156981.0,4020.0,212905.0,158997.0,50248.0,33855.0,35020.0,21565.0,10172.0,8137.0,53908.0,42394.0,8772.0,1660.0,741.0,141.0,102.0,98.0,168779.0,11528.0,88479.0,3340.0,24326.0,26628.0,16974.0,11677.0,1644.0,2014.0,1870.0,1091.0,219031.0,6474.0,782.0,678.0,601.0,87643.0,3001.0,23050.0,25744.0,15558.0,13637.0,1820.0,2124.0,1681.0,1144.0,220716.0,6213.0,877.0,309.0,492.0,97553.0,38110.0,1965.0,2728.0,8680.0,8729.0,9854.0,59443.0,8776.0,8391.0,32783.0,35552.0,38856.0,"San Joaquin County, California",077,06
265577.0,6741.0,6457.0,7712.0,5248.0,6414.0,6860.0,6771.0,4796.0,26556.0,1287.0,102434.0,64250.0,31640.0,13594.0,11720.0,4826.0,1634.0,836.0,38184.0,26841.0,8080.0,1837.0,890.0,464.0,72.0,0.0,62186.0,2963.0,35839.0,893.0,5643.0,6757.0,4883.0,3317.0,688.0,587.0,816.0,306.0,93633.0,1726.0,227.0,139.0,59.0,32575.0,718.0,5783.0,6033.0,4330.0,3898.0,767.0,842.0,647.0,380.0,89158.0,1206.0,235.0,91.0,86.0,31381.0,17677.0,340.0,345.0,1616.0,1032.0,1463.0,13704.0,3233.0,2276.0,9056.0,10211.0,11062.0,"San Luis Obispo County, California",079,06
704327.0,23292.0,22138.0,20895.0,13657.0,22890.0,21314.0,20043.0,12965.0,239225.0,6551.0,255758.0,172517.0,66280.0,39261.0,38146.0,16497.0,7014.0,5319.0,83241.0,65523.0,14331.0,2152.0,838.0,187.0,65.0,145.0,175840.0,9648.0,67775.0,2463.0,17223.0,16754.0,10682.0,20990.0,3411.0,4349.0,3878.0,2690.0,243510.0,3704.0,566.0,263.0,285.0,68663.0,2231.0,15985.0,15745.0,10021.0,21526.0,3267.0,4797.0,4110.0,2586.0,254541.0,3784.0,532.0,188.0,358.0,45964.0,16245.0,963.0,899.0,2900.0,3022.0,3282.0,29719.0,11399.0,8100.0,31152.0,29184.0,32532.0,"San Mateo County, California",081,06
416051.0,13765.0,13195.0,13386.0,9377.0,13287.0,12014.0,13205.0,8619.0,98785.0,4486.0,141793.0,91108.0,36607.0,19460.0,16971.0,9671.0,4069.0,4330.0,50685.0,36234.0,9648.0,2409.0,1583.0,295.0,275.0,241.0,106953.0,5615.0,56782.0,1871.0,11301.0,12032.0,8159.0,7085.0,909.0,1450.0,1123.0,966.0,136718.0,2789.0,444.0,231.0,252.0,57000.0,1449.0,10324.0,11843.0,7755.0,7705.0,1130.0,1357.0,1311.0,799.0,134560.0,2703.0,333.0,51.0,65.0,54237.0,25962.0,972.0,756.0,3732.0,3244.0,3813.0,28275.0,5079.0,4262.0,15730.0,18128.0,20468.0,"Santa Barbara County, California",083,06
1739396.0,64020.0,58406.0,57798.0,35782.0,60891.0,56416.0,54580.0,33687.0,643430.0,25149.0,596747.0,421343.0,146877.0,101493.0,98968.0,43280.0,17471.0,13254.0,175404.0,137017.0,30670.0,4902.0,1496.0,628.0,279.0,412.0,452590.0,27760.0,191201.0,5528.0,46668.0,49780.0,31188.0,50181.0,8916.0,9387.0,7108.0,3480.0,592409.0,9523.0,2351.0,910.0,1114.0,193388.0,4896.0,46231.0,46983.0,29503.0,48407.0,8605.0,8436.0,6765.0,3573.0,587290.0,10923.0,1749.0,832.0,611.0,143507.0,56460.0,2132.0,2594.0,9694.0,9463.0,12046.0,87047.0,28728.0,22661.0,78291.0,77901.0,84101.0,"Santa Clara County, California",085,06
256901.0,7671.0,7582.0,7762.0,5338.0,7215.0,6981.0,7561.0,5045.0,47257.0,1784.0,93802.0,58957.0,24569.0,13068.0,11890.0,5257.0,2189.0,1984.0,34845.0,24517.0,7496.0,1529.0,906.0,176.0,151.0,70.0,66636.0,3464.0,34385.0,835.0,6420.0,6399.0,4734.0,3948.0,663.0,965.0,1144.0,384.0,85179.0,1535.0,197.0,219.0,220.0,34455.0,1067.0,5851.0,6741.0,4557.0,4770.0,881.0,941.0,783.0,328.0,85522.0,1263.0,189.0,37.0,160.0,30107.0,14416.0,413.0,452.0,1770.0,2037.0,1639.0,15691.0,3419.0,2333.0,10396.0,10493.0,11664.0,"Santa Cruz County, California",087,06
176906.0,5276.0,5731.0,5953.0,4191.0,5006.0,4490.0,6372.0,3687.0,9025.0,592.0,69100.0,45805.0,21783.0,9245.0,8826.0,3902.0,1273.0,776.0,23295.0,19296.0,3213.0,563.0,108.0,69.0,0.0,46.0,40017.0,2331.0,18865.0,402.0,4688.0,5138.0,3682.0,3282.0,289.0,701.0,730.0,392.0,61655.0,1389.0,342.0,85.0,117.0,19245.0,683.0,3705.0,5635.0,3307.0,3605.0,277.0,537.0,704.0,276.0,63961.0,949.0,248.0,33.0,104.0,26863.0,9288.0,437.0,660.0,1900.0,1807.0,2048.0,17575.0,1359.0,1358.0,6141.0,7667.0,8331.0,"Shasta County, California",089,06
3366.0,49.0,106.0,82.0,68.0,94.0,70.0,65.0,48.0,177.0,0.0,1437.0,869.0,550.0,156.0,111.0,47.0,5.0,0.0,568.0,504.0,54.0,10.0,0.0,0.0,0.0,0.0,572.0,3.0,222.0,3.0,50.0,82.0,68.0,0.0,0.0,0.0,0.0,0.0,1454.0,33.0,56.0,0.0,0.0,243.0,28.0,70.0,65.0,35.0,50.0,0.0,0.0,0.0,13.0,1350.0,32.0,0.0,0.0,0.0,365.0,151.0,0.0,0.0,22.0,46.0,51.0,214.0,28.0,27.0,100.0,49.0,111.0,"Sierra County, California",091,06
44690.0,1182.0,1267.0,1371.0,972.0,1105.0,1216.0,1232.0,870.0,2605.0,78.0,20097.0,12276.0,6499.0,2623.0,1896.0,747.0,311.0,200.0,7821.0,6444.0,1247.0,95.0,28.0,0.0,0.0,7.0,8849.0,470.0,4618.0,169.0,1028.0,1243.0,936.0,704.0,173.0,149.0,108.0,30.0,16259.0,203.0,90.0,20.0,6.0,4631.0,123.0,1128.0,1145.0,784.0,542.0,42.0,69.0,66.0,86.0,16581.0,222.0,19.0,21.0,0.0,7139.0,2082.0,171.0,279.0,336.0,363.0,374.0,5057.0,490.0,388.0,1312.0,1653.0,1995.0,"Siskiyou County, California",093,06
410042.0,14047.0,14277.0,14806.0,9944.0,13090.0,13910.0,13887.0,9498.0,81629.0,2569.0,139011.0,99907.0,37348.0,22868.0,21707.0,11065.0,4245.0,2674.0,39104.0,30961.0,6669.0,869.0,455.0,92.0,9.0,49.0,102507.0,6766.0,50084.0,1383.0,12557.0,13463.0,8720.0,6734.0,1035.0,1211.0,1014.0,653.0,140067.0,3301.0,509.0,329.0,571.0,50140.0,1306.0,11844.0,12514.0,8851.0,7578.0,984.0,1570.0,1182.0,485.0,139238.0,2927.0,496.0,191.0,162.0,38432.0,13705.0,828.0,866.0,3278.0,2938.0,3014.0,24727.0,4558.0,4603.0,18953.0,19836.0,22799.0,"Solano County, California",095,06
474047.0,14263.0,14558.0,15390.0,10434.0,13665.0,13720.0,14858.0,9634.0,78628.0,1967.0,184033.0,116699.0,50806.0,26242.0,23916.0,9537.0,3831.0,2367.0,67334.0,51122.0,13381.0,1974.0,567.0,108.0,65.0,117.0,113513.0,5313.0,52744.0,1435.0,12593.0,13788.0,8675.0,7196.0,1578.0,1312.0,1258.0,1295.0,164812.0,2815.0,653.0,344.0,464.0,54709.0,1180.0,11782.0,13047.0,8570.0,7969.0,1635.0,1286.0,1645.0,821.0,169849.0,2517.0,652.0,166.0,243.0,45261.0,14677.0,673.0,975.0,2729.0,2140.0,2900.0,30584.0,5737.0,4844.0,19507.0,20728.0,23585.0,"Sonoma County, California",097,06
509682.0,20643.0,19178.0,22641.0,13914.0,19869.0,19158.0,20477.0,12857.0,103821.0,2867.0,163841.0,122255.0,40859.0,25770.0,27841.0,15243.0,7692.0,4850.0,41586.0,32927.0,6940.0,1012.0,508.0,132.0,45.0,22.0,129773.0,8426.0,67920.0,2210.0,17417.0,20913.0,12927.0,6186.0,977.0,1055.0,1257.0,663.0,165411.0,4758.0,706.0,471.0,324.0,68869.0,2268.0,17301.0,19197.0,11680.0,7179.0,1166.0,1049.0,967.0,718.0,170072.0,5088.0,808.0,313.0,459.0,76359.0,30093.0,1603.0,1792.0,7294.0,7325.0,7377.0,46266.0,5874.0,5532.0,23478.0,25683.0,29089.0,"Stanislaus County, California",099,06
93420.0,3681.0,3462.0,3903.0,2414.0,3461.0,3498.0,3414.0,2160.0,20819.0,1479.0,31373.0,23311.0,8300.0,4340.0,5511.0,3220.0,1143.0,797.0,8062.0,6538.0,1272.0,166.0,57.0,29.0,0.0,0.0,22852.0,1455.0,11697.0,416.0,3197.0,3637.0,2195.0,973.0,230.0,126.0,234.0,35.0,31478.0,685.0,139.0,32.0,184.0,12407.0,271.0,3174.0,3164.0,2069.0,1329.0,286.0,156.0,200.0,63.0,31322.0,1040.0,168.0,50.0,28.0,12065.0,4477.0,332.0,288.0,1189.0,1045.0,917.0,7588.0,1092.0,1056.0,4199.0,4783.0,5128.0,"Sutter County, California",101,06
62575.0,2216.0,1993.0,2487.0,1646.0,2085.0,2238.0,2034.0,1540.0,6756.0,152.0,23510.0,15890.0,6947.0,3314.0,2780.0,1560.0,817.0,472.0,7620.0,6232.0,1111.0,219.0,52.0,6.0,0.0,0.0,13976.0,1106.0,6897.0,350.0,1820.0,2382.0,1374.0,820.0,110.0,98.0,105.0,185.0,22181.0,456.0,75.0,0.0,87.0,7306.0,344.0,2010.0,1862.0,1318.0,950.0,42.0,204.0,165.0,193.0,21986.0,564.0,24.0,7.0,29.0,11512.0,4644.0,356.0,523.0,844.0,1009.0,1072.0,6868.0,590.0,560.0,2313.0,2685.0,3027.0,"Tehama County, California",103,06
13701.0,345.0,374.0,294.0,268.0,318.0,252.0,450.0,307.0,425.0,114.0,5889.0,3722.0,2174.0,660.0,504.0,280.0,73.0,31.0,2167.0,1707.0,395.0,46.0,19.0,0.0,0.0,0.0,2694.0,137.0,1258.0,96.0,331.0,287.0,268.0,62.0,1.0,9.0,7.0,0.0,5516.0,88.0,34.0,0.0,0.0,1319.0,62.0,214.0,450.0,268.0,118.0,0.0,9.0,0.0,10.0,5087.0,75.0,29.0,0.0,29.0,1917.0,417.0,10.0,20.0,50.0,78.0,131.0,1500.0,120.0,121.0,334.0,431.0,587.0,"Trinity County, California",105,06
429404.0,20553.0,18120.0,20846.0,12279.0,19805.0,18477.0,18932.0,11811.0,99273.0,2302.0,126664.0,99932.0,30265.0,20308.0,20232.0,15885.0,7451.0,5791.0,26732.0,22031.0,3847.0,462.0,212.0,99.0,54.0,27.0,106287.0,8777.0,60890.0,2671.0,16620.0,19534.0,11312.0,4168.0,623.0,844.0,862.0,414.0,137494.0,4807.0,656.0,450.0,553.0,61997.0,2247.0,16722.0,17859.0,10560.0,4821.0,411.0,743.0,717.0,970.0,135635.0,5200.0,1012.0,356.0,281.0,88247.0,36250.0,1883.0,2259.0,9921.0,8758.0,9263.0,51997.0,4367.0,5012.0,19394.0,21929.0,23634.0,"Tulare County, California",107,06
56074.0,1310.0,1268.0,1611.0,1125.0,1129.0,1354.0,1318.0,922.0,2205.0,94.0,22192.0,14229.0,8160.0,2932.0,1814.0,792.0,377.0,154.0,7963.0,6258.0,1527.0,127.0,51.0,0.0,0.0,0.0,10248.0,564.0,5537.0,250.0,1069.0,1445.0,1024.0,642.0,35.0,160.0,155.0,101.0,22821.0,251.0,39.0,11.0,0.0,4669.0,156.0,1177.0,1107.0,844.0,750.0,121.0,165.0,206.0,54.0,20197.0,168.0,12.0,5.0,24.0,5668.0,1460.0,96.0,51.0,273.0,282.0,430.0,4208.0,431.0,468.0,1891.0,2040.0,2297.0,"Tuolumne County, California",109,06
809080.0,28346.0,28462.0,31465.0,20391.0,27407.0,28374.0,29030.0,19623.0,185011.0,5241.0,264305.0,195579.0,68780.0,42694.0,43215.0,22977.0,10089.0,7824.0,68726.0,53837.0,11400.0,2230.0,824.0,263.0,44.0,128.0,202277.0,11102.0,98387.0,3177.0,24582.0,28174.0,18367.0,16108.0,3024.0,2867.0,2952.0,1500.0,270888.0,5467.0,1013.0,339.0,524.0,98235.0,3019.0,23924.0,25793.0,17166.0,18085.0,2852.0,3558.0,2807.0,2102.0,274328.0,5165.0,892.0,430.0,355.0,69271.0,25762.0,1509.0,1408.0,6196.0,5172.0,6807.0,43509.0,11851.0,10378.0,39405.0,41360.0,46389.0,"Ventura County, California",111,06
196418.0,6384.0,6580.0,5935.0,4275.0,6084.0,5431.0,6483.0,3963.0,40157.0,2027.0,69386.0,42850.0,16346.0,10161.0,9257.0,4589.0,1554.0,943.0,26536.0,17122.0,6089.0,1781.0,963.0,376.0,154.0,51.0,57535.0,2769.0,32282.0,960.0,5846.0,5496.0,3997.0,2680.0,565.0,557.0,412.0,96.0,57386.0,1299.0,177.0,27.0,182.0,34768.0,949.0,4485.0,6172.0,3661.0,2974.0,509.0,823.0,303.0,186.0,59272.0,1130.0,123.0,8.0,116.0,30415.0,18161.0,432.0,344.0,1711.0,1695.0,1384.0,12254.0,2961.0,1757.0,7842.0,8165.0,8979.0,"Yolo County, California",113,06
71160.0,3292.0,2842.0,2925.0,1722.0,2965.0,2756.0,2730.0,1679.0,9329.0,576.0,23750.0,17142.0,5336.0,4112.0,3431.0,2305.0,1203.0,755.0,6608.0,5089.0,1179.0,274.0,37.0,9.0,0.0,20.0,17786.0,1469.0,9296.0,472.0,2632.0,2697.0,1549.0,815.0,68.0,143.0,183.0,158.0,23994.0,970.0,67.0,45.0,15.0,9378.0,185.0,2461.0,2517.0,1529.0,823.0,70.0,128.0,179.0,141.0,23079.0,717.0,167.0,34.0,9.0,12606.0,4599.0,201.0,396.0,1243.0,1076.0,1122.0,8007.0,752.0,738.0,3187.0,3305.0,3276.0,"Yuba County, California",115,06
1477980.0,50518.0,47697.0,45641.0,29935.0,47417.0,45523.0,44058.0,28129.0,455439.0,15847.0,532026.0,340190.0,124637.0,85126.0,76295.0,32356.0,12739.0,9037.0,191836.0,149872.0,33370.0,5422.0,2080.0,713.0,176.0,203.0,397434.0,19325.0,169373.0,5462.0,39348.0,40104.0,26693.0,29784.0,6684.0,6470.0,4951.0,2381.0,496169.0,8621.0,1879.0,586.0,861.0,174528.0,4965.0,37506.0,38319.0,24927.0,33806.0,5659.0,6601.0,5213.0,2455.0,515211.0,7435.0,1416.0,526.0,747.0,157216.0,64043.0,3000.0,2678.0,11410.0,9881.0,11662.0,93173.0,22942.0,16216.0,61330.0,60918.0,67714.0,"Alameda County, California",001,06
1176.0,69.0,32.0,19.0,26.0,42.0,62.0,20.0,37.0,59.0,17.0,410.0,260.0,145.0,57.0,34.0,12.0,3.0,9.0,150.0,123.0,24.0,0.0,0.0,0.0,3.0,0.0,246.0,8.0,199.0,58.0,32.0,14.0,24.0,17.0,0.0,0.0,5.0,2.0,443.0,4.0,0.0,0.0,0.0,174.0,14.0,50.0,12.0,37.0,32.0,0.0,12.0,8.0,0.0,286.0,10.0,0.0,0.0,0.0,145.0,83.0,21.0,9.0,0.0,0.0,27.0,62.0,28.0,7.0,35.0,41.0,56.0,"Alpine County, California",003,06
38327.0,645.0,718.0,1215.0,785.0,660.0,920.0,1051.0,703.0,2329.0,54.0,14715.0,10019.0,5665.0,2116.0,1137.0,690.0,349.0,62.0,4696.0,3568.0,934.0,138.0,56.0,0.0,0.0,0.0,6507.0,281.0,3171.0,40.0,659.0,1121.0,656.0,496.0,44.0,25.0,75.0,79.0,16712.0,159.0,34.0,19.0,50.0,3271.0,204.0,816.0,1004.0,671.0,465.0,52.0,104.0,47.0,21.0,13512.0,106.0,0.0,0.0,11.0,2663.0,504.0,0.0,61.0,39.0,111.0,217.0,2159.0,384.0,404.0,1209.0,1488.0,1825.0,"Amador County, California",005,06
218635.0,6147.0,6291.0,6908.0,4568.0,6084.0,5945.0,6467.0,4257.0,17296.0,893.0,85465.0,52377.0,24718.0,11605.0,9289.0,4060.0,1585.0,1120.0,33088.0,24636.0,5941.0,1280.0,909.0,223.0,35.0,64.0,53248.0,2917.0,31533.0,865.0,5637.0,6449.0,4265.0,2187.0,456.0,451.0,356.0,206.0,70664.0,1035.0,203.0,103.0,97.0,31551.0,859.0,5181.0,5783.0,3982.0,2970.0,480.0,636.0,615.0,205.0,72628.0,1434.0,128.0,69.0,70.0,37351.0,18767.0,535.0,462.0,2302.0,2081.0,2822.0,18584.0,2283.0,2168.0,7415.0,8249.0,9036.0,"Butte County, California",007,06
45994.0,962.0,1021.0,1775.0,1025.0,943.0,1179.0,1271.0,1047.0,1863.0,53.0,18794.0,13368.0,7854.0,2152.0,2037.0,801.0,418.0,106.0,5426.0,4321.0,1035.0,19.0,51.0,0.0,0.0,0.0,8825.0,334.0,4240.0,105.0,906.0,1518.0,913.0,403.0,94.0,16.0,163.0,0.0,17749.0,177.0,99.0,94.0,112.0,4062.0,107.0,986.0,1122.0,931.0,634.0,87.0,44.0,109.0,101.0,17795.0,224.0,149.0,40.0,15.0,3552.0,850.0,44.0,135.0,119.0,223.0,188.0,2702.0,268.0,312.0,1629.0,2061.0,2130.0,"Calaveras County, California",009,06
21165.0,955.0,1014.0,723.0,608.0,860.0,772.0,841.0,517.0,5351.0,375.0,6972.0,5080.0,1917.0,935.0,1147.0,601.0,304.0,176.0,1892.0,1615.0,257.0,7.0,13.0,0.0,0.0,0.0,4969.0,285.0,2916.0,214.0,993.0,704.0,608.0,88.0,31.0,12.0,19.0,0.0,7275.0,150.0,9.0,0.0,0.0,2604.0,87.0,751.0,836.0,475.0,154.0,21.0,21.0,0.0,12.0,7124.0,308.0,0.0,5.0,30.0,2797.0,1276.0,115.0,54.0,441.0,243.0,316.0,1521.0,227.0,319.0,1013.0,1130.0,1190.0,"Colusa County, California",011,06
1024809.0,34054.0,36027.0,37976.0,24345.0,32805.0,34799.0,35593.0,22971.0,241913.0,7747.0,368087.0,259502.0,99561.0,59448.0,58290.0,27003.0,9495.0,5705.0,108585.0,87899.0,17415.0,2162.0,818.0,255.0,8.0,28.0,257325.0,13146.0,117135.0,3841.0,30286.0,33596.0,21439.0,21535.0,4512.0,4497.0,3722.0,2196.0,341853.0,5975.0,1244.0,658.0,710.0,116696.0,3379.0,28859.0,31036.0,20387.0,24117.0,4085.0,4745.0,4034.0,2121.0,364532.0,6126.0,1195.0,523.0,463.0,85844.0,29996.0,1694.0,1794.0,6160.0,5906.0,7099.0,55848.0,16561.0,12440.0,50015.0,51487.0,56560.0,"Contra Costa County, California",013,06
28471.0,706.0,888.0,934.0,632.0,998.0,913.0,715.0,570.0,2066.0,64.0,9906.0,6062.0,2851.0,1410.0,759.0,575.0,356.0,111.0,3844.0,3374.0,418.0,18.0,28.0,6.0,0.0,0.0,5581.0,345.0,3085.0,150.0,684.0,788.0,614.0,530.0,45.0,204.0,111.0,18.0,11671.0,143.0,0.0,35.0,0.0,2933.0,148.0,814.0,606.0,481.0,339.0,0.0,90.0,78.0,65.0,8799.0,104.0,9.0,31.0,24.0,5021.0,2090.0,133.0,79.0,614.0,306.0,400.0,2931.0,203.0,238.0,929.0,1062.0,942.0,"Del Norte County, California",015,06
179053.0,5100.0,5733.0,6556.0,4390.0,4762.0,5323.0,6177.0,4077.0,14077.0,498.0,68394.0,49338.0,23311.0,10122.0,9884.0,3929.0,1399.0,693.0,19056.0,14431.0,3726.0,731.0,108.0,32.0,28.0,0.0,40763.0,1803.0,20491.0,469.0,4911.0,5972.0,3949.0,3225.0,942.0,704.0,495.0,378.0,63407.0,1048.0,118.0,89.0,63.0,21013.0,679.0,4702.0,5545.0,3697.0,3147.0,780.0,528.0,561.0,342.0,62618.0,792.0,93.0,71.0,38.0,13303.0,4575.0,339.0,198.0,998.0,815.0,1012.0,8728.0,2987.0,1918.0,8073.0,9428.0,10104.0,"El Dorado County, California",017,06
908830.0,39822.0,36741.0,38896.0,24778.0,37747.0,35667.0,37128.0,23558.0,197495.0,4816.0,283836.0,205821.0,64991.0,43481.0,45019.0,27081.0,13988.0,11261.0,78015.0,61487.0,12648.0,2407.0,1047.0,110.0,131.0,185.0,230084.0,16365.0,129252.0,4586.0,33444.0,36970.0,22770.0,10271.0,1740.0,2064.0,1085.0,874.0,290715.0,9627.0,1233.0,841.0,1134.0,132767.0,4821.0,32609.0,35175.0,22078.0,11212.0,1698.0,1429.0,1505.0,728.0,288234.0,8718.0,1629.0,448.0,752.0,183313.0,77858.0,3614.0,4824.0,18855.0,18547.0,18730.0,105455.0,10095.0,9671.0,39512.0,41079.0,46658.0,"Fresno County, California",019,06
27935.0,1129.0,1124.0,1119.0,729.0,1098.0,951.0,1129.0,683.0,4388.0,50.0,9660.0,7233.0,2997.0,1458.0,1537.0,724.0,418.0,99.0,2427.0,1985.0,396.0,34.0,9.0,0.0,0.0,3.0,6469.0,489.0,3121.0,144.0,892.0,939.0,637.0,405.0,79.0,83.0,180.0,58.0,9969.0,325.0,149.0,0.0,34.0,3637.0,50.0,761.0,1044.0,644.0,503.0,147.0,119.0,69.0,39.0,9085.0,267.0,71.0,16.0,0.0,4428.0,1798.0,108.0,86.0,258.0,357.0,584.0,2630.0,335.0,342.0,1257.0,1428.0,1447.0,"Glenn County, California",021,06
133058.0,3864.0,3513.0,3978.0,2583.0,3655.0,3723.0,3424.0,2437.0,7173.0,445.0,54276.0,31668.0,15360.0,7385.0,5554.0,2297.0,651.0,421.0,22608.0,17483.0,4001.0,780.0,284.0,42.0,5.0,13.0,32847.0,1948.0,16354.0,564.0,3126.0,3677.0,2323.0,1254.0,376.0,191.0,252.0,127.0,46640.0,663.0,196.0,49.0,133.0,16721.0,473.0,3205.0,3118.0,2228.0,1786.0,329.0,438.0,226.0,142.0,46086.0,897.0,80.0,80.0,67.0,21949.0,8570.0,442.0,287.0,982.0,958.0,1397.0,13379.0,1454.0,1193.0,4455.0,4899.0,5033.0,"Humboldt County, California",023,06
168052.0,6893.0,6715.0,7227.0,4664.0,6621.0,6603.0,6387.0,4581.0,53614.0,2216.0,47304.0,38146.0,11229.0,9046.0,7916.0,5877.0,2752.0,1326.0,9158.0,8053.0,926.0,53.0,74.0,0.0,52.0,0.0,40400.0,2798.0,24858.0,995.0,6268.0,6993.0,4514.0,1269.0,300.0,267.0,203.0,70.0,56479.0,1445.0,180.0,31.0,80.0,25680.0,1257.0,6130.0,6213.0,4365.0,1121.0,297.0,217.0,133.0,83.0,50869.0,1444.0,256.0,41.0,133.0,31658.0,13570.0,944.0,812.0,2973.0,3426.0,3275.0,18088.0,2294.0,1809.0,7393.0,8027.0,9607.0,"Imperial County, California",025,06
18434.0,500.0,570.0,545.0,400.0,560.0,416.0,631.0,418.0,1886.0,5.0,7982.0,4838.0,2504.0,1094.0,766.0,418.0,24.0,32.0,3144.0,2675.0,401.0,15.0,42.0,11.0,0.0,0.0,3693.0,347.0,1837.0,72.0,565.0,517.0,357.0,133.0,21.0,0.0,6.0,22.0,6885.0,38.0,5.0,22.0,21.0,1714.0,28.0,376.0,567.0,409.0,234.0,69.0,8.0,64.0,0.0,6857.0,58.0,32.0,0.0,9.0,1992.0,517.0,14.0,39.0,131.0,114.0,146.0,1475.0,215.0,73.0,731.0,709.0,913.0,"Inyo County, California",027,06
815693.0,36274.0,32885.0,35722.0,22656.0,35210.0,32916.0,32868.0,21102.0,167349.0,4206.0,248057.0,185559.0,59602.0,38120.0,40584.0,26682.0,11618.0,8953.0,62498.0,50098.0,10133.0,1488.0,563.0,182.0,28.0,6.0,199021.0,14762.0,109980.0,4081.0,29413.0,33612.0,20383.0,10567.0,1749.0,1952.0,1672.0,1310.0,279707.0,9736.0,1520.0,438.0,963.0,110923.0,3461.0,29719.0,30930.0,19261.0,11111.0,1678.0,1916.0,1505.0,1194.0,251549.0,8923.0,1281.0,433.0,647.0,145939.0,57802.0,2945.0,4047.0,14451.0,14450.0,14809.0,88137.0,9295.0,8929.0,37920.0,38275.0,45064.0,"Kern County, California",029,06
151122.0,6417.0,5907.0,5501.0,3487.0,6185.0,6046.0,4969.0,3345.0,32518.0,1183.0,40606.0,31777.0,9531.0,6337.0,7798.0,4279.0,2387.0,1445.0,8829.0,7278.0,1043.0,262.0,102.0,99.0,45.0,0.0,33583.0,2200.0,18548.0,747.0,5000.0,5107.0,3261.0,2017.0,132.0,507.0,299.0,108.0,61162.0,1376.0,400.0,95.0,118.0,17451.0,516.0,5257.0,4693.0,2804.0,1896.0,165.0,386.0,198.0,326.0,41841.0,1459.0,403.0,78.0,215.0,23004.0,8994.0,633.0,598.0,3049.0,1656.0,2168.0,14010.0,1300.0,1693.0,6313.0,5903.0,6821.0,"Kings County, California",031,06
64371.0,1832.0,2021.0,1923.0,1582.0,1700.0,1896.0,1895.0,1216.0,5720.0,335.0,25180.0,16075.0,7984.0,3293.0,2552.0,1494.0,386.0,366.0,9105.0,7215.0,1621.0,199.0,57.0,13.0,0.0,0.0,13688.0,683.0,6927.0,242.0,1903.0,1883.0,1488.0,297.0,102.0,19.0,30.0,58.0,24098.0,516.0,99.0,10.0,36.0,6878.0,346.0,1773.0,1722.0,1142.0,384.0,0.0,44.0,149.0,65.0,23845.0,384.0,79.0,24.0,9.0,11606.0,3834.0,143.0,313.0,826.0,785.0,1121.0,7772.0,607.0,584.0,1925.0,2373.0,2746.0,"Lake County, California",033,06
35081.0,795.0,725.0,1144.0,666.0,797.0,866.0,779.0,614.0,2516.0,115.0,10276.0,6859.0,3224.0,1403.0,1250.0,600.0,251.0,131.0,3417.0,2726.0,515.0,147.0,16.0,11.0,0.0,2.0,5635.0,435.0,3866.0,88.0,592.0,1007.0,480.0,683.0,4.0,36.0,132.0,183.0,17786.0,175.0,97.0,5.0,3.0,2600.0,175.0,762.0,696.0,410.0,507.0,0.0,66.0,80.0,101.0,8734.0,245.0,38.0,3.0,103.0,3297.0,1049.0,57.0,26.0,241.0,283.0,309.0,2248.0,219.0,159.0,1046.0,1208.0,1367.0,"Lassen County, California",035,06
9758256.0,337549.0,330654.0,357561.0,232443.0,322253.0,317486.0,340805.0,221762.0,3477823.0,70548.0,3217889.0,2170227.0,690135.0,498141.0,485191.0,272470.0,121561.0,102729.0,1047662.0,822194.0,180393.0,29272.0,10750.0,3367.0,755.0,931.0,2620554.0,139185.0,1177310.0,45722.0,283818.0,319807.0,205300.0,206351.0,26852.0,36426.0,32230.0,19165.0,3226900.0,63572.0,10410.0,5524.0,7978.0,1203806.0,44597.0,273249.0,302633.0,194877.0,229401.0,26380.0,35764.0,33547.0,20160.0,3321377.0,59568.0,8473.0,4625.0,6725.0,1416003.0,560835.0,27768.0,31879.0,119294.0,118890.0,133111.0,855168.0,128447.0,98694.0,394877.0,430930.0,499431.0,"Los Angeles County, California",037,06
147738.0,6074.0,5637.0,6102.0,4036.0,5880.0,5264.0,5874.0,3585.0,30382.0,1037.0,42089.0,32768.0,11354.0,6506.0,6820.0,3867.0,2246.0,1975.0,9321.0,7915.0,1095.0,124.0,136.0,51.0,0.0,0.0,38751.0,2284.0,18519.0,922.0,5194.0,5763.0,3818.0,1281.0,106.0,238.0,288.0,63.0,47751.0,1365.0,205.0,51.0,155.0,18702.0,660.0,4761.0,5694.0,3313.0,1166.0,152.0,229.0,75.0,85.0,53130.0,1560.0,274.0,105.0,187.0,24415.0,9816.0,550.0,815.0,2812.0,2586.0,2242.0,14599.0,1489.0,1377.0,6005.0,6606.0,7629.0,"Madera County, California",039,06
248601.0,7201.0,7315.0,7326.0,4527.0,6917.0,7436.0,6569.0,4158.0,46845.0,1665.0,102727.0,62241.0,29388.0,13627.0,13439.0,4094.0,1121.0,572.0,40486.0,32770.0,6714.0,766.0,110.0,59.0,67.0,0.0,53548.0,2297.0,20870.0,856.0,5208.0,5783.0,3546.0,7658.0,1586.0,1735.0,1516.0,909.0,90052.0,806.0,372.0,27.0,72.0,20454.0,555.0,5475.0,5008.0,3257.0,7841.0,1475.0,1740.0,1459.0,901.0,93650.0,764.0,221.0,102.0,0.0,16160.0,4652.0,415.0,291.0,717.0,972.0,1035.0,11508.0,5076.0,2681.0,10011.0,10396.0,10548.0,"Marin County, California",041,06
18290.0,391.0,463.0,544.0,204.0,417.0,510.0,473.0,465.0,684.0,75.0,7724.0,5089.0,2893.0,949.0,986.0,177.0,64.0,20.0,2635.0,2178.0,427.0,30.0,0.0,0.0,0.0,0.0,3777.0,230.0,1339.0,39.0,363.0,510.0,161.0,202.0,49.0,92.0,34.0,0.0,7383.0,68.0,8.0,0.0,43.0,1862.0,23.0,438.0,399.0,384.0,265.0,0.0,37.0,74.0,81.0,6704.0,94.0,35.0,0.0,0.0,2232.0,697.0,23.0,0.0,304.0,123.0,149.0,1535.0,88.0,116.0,560.0,724.0,736.0,"Mariposa County, California",043,06
87487.0,2745.0,2817.0,2685.0,2016.0,2534.0,2500.0,2525.0,1806.0,10163.0,554.0,34374.0,21644.0,10309.0,4569.0,3640.0,2074.0,599.0,453.0,12730.0,10176.0,2140.0,264.0,116.0,22.0,12.0,0.0,19145.0,957.0,8532.0,381.0,2437.0,2347.0,1737.0,1115.0,137.0,262.0,259.0,183.0,32690.0,609.0,118.0,79.0,96.0,9090.0,328.0,2025.0,2213.0,1639.0,1193.0,201.0,394.0,185.0,78.0,31661.0,417.0,81.0,127.0,89.0,14064.0,4490.0,214.0,270.0,896.0,957.0,1357.0,9574.0,787.0,883.0,3082.0,2901.0,3915.0,"Mendocino County, California",045,06
