Year,COUNTY,ENROLLMENT,DTP#,cnty_vac_rate
2000,ALAMEDA,19812.0,18746.0,94.61942257217848
2000,ALPINE,14.0,13.0,92.85714285714286
2000,AMADOR,308.0,297.0,96.42857142857143
2000,BUTTE,2595.0,2475.0,95.37572254335261
2000,CALAVERAS,423.0,405.0,95.74468085106383
2000,COLUSA,320.0,316.0,98.75
2000,CONTRA COSTA,13158.0,12702.0,96.5344277245782
2000,DEL NORTE,301.0,287.0,95.34883720930233
2000,EL DORADO,1894.0,1790.0,94.50897571277719
2000,FRESNO,14259.0,13640.0,95.65888210954485
2000,GLENN,451.0,445.0,98.66962305986696
2000,HUMBOLDT,1397.0,1312.0,93.91553328561203
2000,IMPERIAL,2430.0,2352.0,96.79012345679013
2000,INYO,218.0,212.0,97.24770642201835
2000,KERN,11870.0,11471.0,96.63858466722832
2000,KINGS,2124.0,2084.0,98.11676082862523
2000,LAKE,718.0,679.0,94.5682451253482
2000,LASSEN,349.0,321.0,91.97707736389685
2000,LOS ANGELES,152757.0,145227.0,95.0706023291895
2000,MADERA,2041.0,1956.0,95.83537481626654
2000,MARIN,2674.0,2535.0,94.80179506357517
2000,MARIPOSA,111.0,99.0,89.1891891891892
2000,MENDOCINO,1074.0,978.0,91.06145251396647
2000,MERCED,3963.0,3818.0,96.34115569013375
2000,MODOC,135.0,127.0,94.07407407407408
2000,MONO,135.0,125.0,92.5925925925926
2000,MONTEREY,6428.0,6238.0,97.04418170504044
2000,NAPA,1508.0,1415.0,93.83289124668434
2000,NEVADA,814.0,727.0,89.31203931203932
2000,ORANGE,45849.0,43855.0,95.65094113284913
2000,PLACER,4248.0,3921.0,92.30225988700565
2000,PLUMAS,190.0,181.0,95.26315789473684
2000,RIVERSIDE,25925.0,25161.0,97.05303760848601
2000,SACRAMENTO,18839.0,17555.0,93.1843516110197
2000,SAN BENITO,1078.0,1028.0,95.36178107606679
2000,SAN BERNARDINO,30501.0,29567.0,96.93780531785843
2000,SAN DIEGO,42063.0,40434.0,96.12723771485628
2000,SAN FRANCISCO,6694.0,6311.0,94.27845832088437
2000,SAN JOAQUIN,9873.0,9509.0,96.31317735237516
2000,SAN LUIS OBISPO,2721.0,2585.0,95.0018375597207
2000,SAN MATEO,8581.0,8087.0,94.24309521034844
2000,SANTA BARBARA,5594.0,5341.0,95.47729710404003
2000,SANTA CLARA,24092.0,22811.0,94.6828822845758
2000,SANTA CRUZ,3318.0,3098.0,93.36949969861362
2000,SHASTA,2087.0,2001.0,95.87925251557259
2000,SIERRA,33.0,26.0,78.78787878787878
2000,SISKIYOU,349.0,331.0,94.84240687679083
2000,SOLANO,5714.0,5489.0,96.06230311515576
2000,SONOMA,5951.0,5619.0,94.4211056965216
2000,STANISLAUS,7795.0,7490.0,96.08723540731238
2000,SUTTER,1217.0,1200.0,98.60312243221036
2000,TEHAMA,768.0,739.0,96.22395833333334
2000,TRINITY,105.0,94.0,89.52380952380953
2000,TULARE,7134.0,6890.0,96.57975890103728
2000,TUOLUMNE,559.0,503.0,89.98211091234347
2000,VENTURA,12238.0,11676.0,95.40774636378492
2000,YOLO,2398.0,2291.0,95.53794829024187
2000,YUBA,1003.0,947.0,94.41674975074775
2001,ALAMEDA,19392.0,18332.0,94.53382838283828
2001,AMADOR,345.0,336.0,97.3913043478261
2001,BUTTE,2508.0,2358.0,94.01913875598086
2001,CALAVERAS,399.0,373.0,93.48370927318295
2001,COLUSA,322.0,315.0,97.82608695652173
2001,CONTRA COSTA,13544.0,13055.0,96.38954518606025
2001,DEL NORTE,298.0,292.0,97.98657718120806
2001,EL DORADO,2059.0,1942.0,94.31762991743565
2001,FRESNO,14320.0,13932.0,97.29050279329608
2001,GLENN,418.0,411.0,98.32535885167464
2001,HUMBOLDT,1371.0,1230.0,89.71553610503283
2001,IMPERIAL,2457.0,2403.0,97.8021978021978
2001,INYO,220.0,210.0,95.45454545454545
2001,KERN,11819.0,11415.0,96.58177510787715
2001,KINGS,2334.0,2280.0,97.68637532133675
2001,LAKE,738.0,669.0,90.65040650406505
2001,LASSEN,349.0,316.0,90.54441260744986
2001,LOS ANGELES,149644.0,142070.0,94.93865440645799
2001,LPINE,26.0,23.0,88.46153846153845
2001,MADERA,2185.0,2069.0,94.69107551487414
2001,MARIN,2699.0,2516.0,93.21971100407558
2001,MARIPOSA,176.0,164.0,93.18181818181817
2001,MENDOCINO,976.0,896.0,91.80327868852459
2001,MERCED,4074.0,3981.0,97.71723122238586
2001,MODOC,146.0,127.0,86.98630136986301
2001,MONO,133.0,124.0,93.23308270676691
2001,MONTEREY,6232.0,6073.0,97.44865211810013
2001,NAPA,1533.0,1453.0,94.78147423352902
2001,NEVADA,908.0,751.0,82.70925110132158
2001,ORANGE,44890.0,42971.0,95.72510581421253
2001,PLACER,4397.0,4069.0,92.54036843302251
2001,PLUMAS,188.0,171.0,90.95744680851064
2001,RIVERSIDE,26733.0,25854.0,96.7119290764224
2001,SACRAMENTO,18460.0,17141.0,92.85482123510292
2001,SAN BENITO,960.0,931.0,96.97916666666667
2001,SAN BERNARDINO,30307.0,29372.0,96.91490414755667
2001,SAN DIEGO,41257.0,39391.0,95.47713115350123
2001,SAN FRANCISCO,6570.0,6171.0,93.9269406392694
2001,SAN JOAQUIN,9959.0,9641.0,96.80690832412893
2001,SAN LUIS OBISPO,2641.0,2467.0,93.41158652025749
2001,SAN MATEO,8286.0,7776.0,93.84503982621288
2001,SANTA BARBARA,5716.0,5356.0,93.70188943317005
2001,SANTA CLARA,24514.0,23455.0,95.6800195806478
2001,SANTA CRUZ,3418.0,3161.0,92.48098303101229
2001,SHASTA,2117.0,1959.0,92.5366084081247
2001,SIERRA,31.0,27.0,87.09677419354838
2001,SISKIYOU,439.0,392.0,89.29384965831434
2001,SOLANO,5870.0,5653.0,96.30323679727427
2001,SONOMA,5823.0,5461.0,93.78327322685901
2001,STANISLAUS,8103.0,7839.0,96.74194742687894
2001,SUTTER,1231.0,1207.0,98.05036555645816
2001,TEHAMA,797.0,741.0,92.97365119196989
2001,TRINITY,113.0,105.0,92.92035398230088
2001,TULARE,7306.0,7052.0,96.52340542020256
2001,TUOLUMNE,564.0,480.0,85.1063829787234
2001,VENTURA,12034.0,11346.0,94.28286521522354
2001,YOLO,2285.0,2181.0,95.44857768052516
2001,YUBA,1220.0,1105.0,90.57377049180327
2002,ALAMEDA,18304.0,17314.0,94.59134615384616
2002,AMADOR,336.0,329.0,97.91666666666666
2002,BUTTE,2365.0,2212.0,93.5306553911205
2002,CALAVERAS,424.0,390.0,91.98113207547169
2002,COLUSA,311.0,294.0,94.53376205787781
2002,CONTRA COSTA,13572.0,13167.0,97.0159151193634
2002,DEL NORTE,327.0,317.0,96.94189602446484
2002,EL DORADO,1992.0,1844.0,92.570281124498
2002,FRESNO,14560.0,14208.0,97.58241758241758
2002,GLENN,449.0,440.0,97.9955456570156
2002,HUMBOLDT,1383.0,1287.0,93.058568329718
2002,IMPERIAL,2566.0,2511.0,97.85658612626656
2002,INYO,184.0,182.0,98.91304347826086
2002,KERN,11963.0,11400.0,95.2938226197442
2002,KINGS,2295.0,2255.0,98.25708061002179
2002,LAKE,734.0,672.0,91.55313351498637
2002,LASSEN,381.0,333.0,87.4015748031496
2002,LOS ANGELES,147061.0,139711.0,95.00207396930526
2002,LPINE,12.0,11.0,91.66666666666666
2002,MADERA,2232.0,2129.0,95.3853046594982
2002,MARIN,2675.0,2506.0,93.6822429906542
2002,MARIPOSA,157.0,148.0,94.26751592356688
2002,MENDOCINO,1002.0,894.0,89.22155688622755
2002,MERCED,4093.0,3997.0,97.65453212802345
2002,MODOC,122.0,112.0,91.80327868852459
2002,MONO,145.0,137.0,94.48275862068965
2002,MONTEREY,6258.0,6051.0,96.69223394055608
2002,NAPA,1554.0,1497.0,96.33204633204633
2002,NEVADA,1020.0,837.0,82.05882352941177
2002,ORANGE,43932.0,42150.0,95.94373122097788
2002,PLACER,4499.0,4168.0,92.64280951322516
2002,PLUMAS,198.0,187.0,94.44444444444444
2002,RIVERSIDE,27353.0,26557.0,97.08989873140058
2002,SACRAMENTO,18429.0,17074.0,92.64745781105866
2002,SAN BENITO,974.0,942.0,96.71457905544148
2002,SAN BERNARDINO,30290.0,29261.0,96.60283922086496
2002,SAN DIEGO,40554.0,38888.0,95.89189722345515
2002,SAN FRANCISCO,6551.0,6178.0,94.30621279194015
2002,SAN JOAQUIN,10174.0,9792.0,96.24533123648516
2002,SAN LUIS OBISPO,2623.0,2477.0,94.43385436523066
2002,SAN MATEO,8215.0,7777.0,94.66828971393791
2002,SANTA BARBARA,5578.0,5291.0,94.85478666188598
2002,SANTA CLARA,24470.0,23485.0,95.97466285247242
2002,SANTA CRUZ,3331.0,3035.0,91.11377964575202
2002,SHASTA,2077.0,1901.0,91.52623976889744
2002,SIERRA,23.0,21.0,91.30434782608695
2002,SISKIYOU,397.0,353.0,88.9168765743073
2002,SOLANO,5631.0,5441.0,96.6258213461197
2002,SONOMA,5616.0,5293.0,94.24857549857549
2002,STANISLAUS,8092.0,7805.0,96.45328719723183
2002,SUTTER,1345.0,1302.0,96.80297397769517
2002,TEHAMA,777.0,731.0,94.07979407979408
2002,TRINITY,85.0,84.0,98.82352941176471
2002,TULARE,7403.0,7202.0,97.28488450628123
2002,TUOLUMNE,519.0,461.0,88.82466281310212
2002,VENTURA,12308.0,11631.0,94.4995125121872
2002,YOLO,2430.0,2319.0,95.43209876543209
2002,YUBA,1209.0,1103.0,91.232423490488
2003,ALAMEDA,18161.0,17149.0,94.42761962447001
2003,AMADOR,289.0,277.0,95.8477508650519
2003,BUTTE,2369.0,2236.0,94.3858168003377
2003,CALAVERAS,441.0,409.0,92.7437641723356
2003,COLUSA,360.0,351.0,97.5
2003,CONTRA COSTA,13575.0,13073.0,96.30202578268877
2003,DEL NORTE,349.0,330.0,94.55587392550143
2003,EL DORADO,2022.0,1892.0,93.57072205736894
2003,FRESNO,15013.0,14699.0,97.90847931792447
2003,GLENN,439.0,433.0,98.63325740318906
2003,HUMBOLDT,1353.0,1204.0,88.98743532889874
2003,IMPERIAL,2619.0,2566.0,97.97632684230622
2003,INYO,179.0,175.0,97.76536312849163
2003,KERN,12473.0,11957.0,95.86306421871242
2003,KINGS,2276.0,2235.0,98.19859402460457
2003,LAKE,705.0,658.0,93.33333333333333
2003,LASSEN,410.0,342.0,83.41463414634146
2003,LOS ANGELES,142804.0,134754.0,94.36290299991596
2003,LPINE,14.0,12.0,85.71428571428571
2003,MADERA,2270.0,2179.0,95.99118942731278
2003,MARIN,2708.0,2465.0,91.02658788774004
2003,MARIPOSA,136.0,129.0,94.85294117647058
2003,MENDOCINO,981.0,872.0,88.88888888888889
2003,MERCED,4151.0,4037.0,97.25367381353891
2003,MODOC,126.0,115.0,91.26984126984127
2003,MONO,145.0,132.0,91.0344827586207
2003,MONTEREY,6415.0,6235.0,97.19407638347623
2003,NAPA,1597.0,1553.0,97.24483406386976
2003,NEVADA,1057.0,859.0,81.26773888363292
2003,ORANGE,43201.0,41303.0,95.60658318094488
2003,PLACER,4667.0,4323.0,92.62909792157703
2003,PLUMAS,181.0,171.0,94.47513812154696
2003,RIVERSIDE,28302.0,27554.0,97.35707723835772
2003,SACRAMENTO,18564.0,17103.0,92.12992889463477
2003,SAN BENITO,968.0,935.0,96.5909090909091
2003,SAN BERNARDINO,30065.0,29199.0,97.11957425577914
2003,SAN DIEGO,40041.0,38274.0,95.58702330111636
2003,SAN FRANCISCO,5926.0,5568.0,93.95882551468107
2003,SAN JOAQUIN,10449.0,10179.0,97.41602067183463
2003,SAN LUIS OBISPO,2525.0,2388.0,94.57425742574257
2003,SAN MATEO,8221.0,7828.0,95.21955966427443
2003,SANTA BARBARA,5640.0,5334.0,94.57446808510637
2003,SANTA CLARA,22575.0,21599.0,95.6766334440753
2003,SANTA CRUZ,3090.0,2812.0,91.00323624595468
2003,SHASTA,2149.0,2013.0,93.67147510469987
2003,SIERRA,26.0,24.0,92.3076923076923
2003,SISKIYOU,397.0,357.0,89.92443324937027
2003,SOLANO,5748.0,5582.0,97.11203897007655
2003,SONOMA,5752.0,5372.0,93.39360222531293
2003,STANISLAUS,8111.0,7841.0,96.67118727653803
2003,SUTTER,1387.0,1340.0,96.6113914924297
2003,TEHAMA,769.0,724.0,94.148244473342
2003,TRINITY,112.0,98.0,87.5
2003,TULARE,7619.0,7431.0,97.53248457802862
2003,TUOLUMNE,501.0,434.0,86.62674650698602
2003,VENTURA,11900.0,11274.0,94.73949579831933
2003,YOLO,2237.0,2156.0,96.37907912382656
2003,YUBA,1120.0,1012.0,90.35714285714286
2004,ALAMEDA,18127.0,17099.0,94.3289016384399
2004,AMADOR,323.0,310.0,95.97523219814241
2004,BUTTE,2405.0,2261.0,94.01247401247402
2004,CALAVERAS,473.0,431.0,91.12050739957716
2004,COLUSA,356.0,345.0,96.91011235955057
2004,CONTRA COSTA,13550.0,13140.0,96.97416974169741
2004,DEL NORTE,325.0,308.0,94.76923076923077
2004,EL DORADO,2131.0,1914.0,89.81698732989207
2004,FRESNO,14695.0,14356.0,97.69309288873767
2004,GLENN,448.0,440.0,98.21428571428571
2004,HUMBOLDT,1358.0,1200.0,88.36524300441826
2004,IMPERIAL,2594.0,2509.0,96.72320740169621
2004,INYO,187.0,181.0,96.79144385026738
2004,KERN,12981.0,12440.0,95.8323703874894
2004,KINGS,2409.0,2355.0,97.75840597758406
2004,LAKE,716.0,653.0,91.20111731843575
2004,LASSEN,369.0,324.0,87.8048780487805
2004,LOS ANGELES,139141.0,131726.0,94.67087343054887
2004,LPINE,13.0,10.0,76.92307692307693
2004,MADERA,2224.0,2123.0,95.45863309352518
2004,MARIN,2764.0,2523.0,91.28075253256151
2004,MARIPOSA,137.0,128.0,93.43065693430657
2004,MENDOCINO,959.0,864.0,90.09384775808134
2004,MERCED,4315.0,4215.0,97.68250289687138
2004,MODOC,133.0,124.0,93.23308270676691
2004,MONO,129.0,124.0,96.12403100775194
2004,MONTEREY,5718.0,5541.0,96.90451206715635
2004,NAPA,1562.0,1521.0,97.3751600512164
2004,NEVADA,1039.0,864.0,83.15688161693936
2004,ORANGE,42359.0,40254.0,95.03057201539224
2004,PLACER,4715.0,4386.0,93.02226935312832
2004,PLUMAS,174.0,146.0,83.9080459770115
2004,RIVERSIDE,29251.0,28511.0,97.470171959933
2004,SACRAMENTO,18643.0,17225.0,92.39392801587726
2004,SAN BENITO,951.0,919.0,96.63512092534174
2004,SAN BERNARDINO,31465.0,30588.0,97.21277610042904
2004,SAN DIEGO,39678.0,37957.0,95.66258379958667
2004,SAN FRANCISCO,5859.0,5390.0,91.99522102747909
2004,SAN JOAQUIN,10560.0,10279.0,97.33901515151516
2004,SAN LUIS OBISPO,2435.0,2322.0,95.35934291581108
2004,SAN MATEO,8306.0,7906.0,95.18420418974235
2004,SANTA BARBARA,5441.0,5142.0,94.50468663848557
2004,SANTA CLARA,22861.0,21950.0,96.015047460741
2004,SANTA CRUZ,3022.0,2762.0,91.3964262078094
2004,SHASTA,2086.0,1894.0,90.79578139980825
2004,SIERRA,22.0,22.0,100.0
2004,SISKIYOU,397.0,333.0,83.87909319899244
2004,SOLANO,5358.0,5177.0,96.62187383351997
2004,SONOMA,5773.0,5331.0,92.34366880304867
2004,STANISLAUS,8162.0,7869.0,96.4101935800049
2004,SUTTER,1338.0,1310.0,97.90732436472346
2004,TEHAMA,806.0,767.0,95.16129032258065
2004,TRINITY,95.0,79.0,83.15789473684211
2004,TULARE,7727.0,7529.0,97.4375566196454
2004,TUOLUMNE,529.0,490.0,92.62759924385632
2004,VENTURA,11568.0,10902.0,94.24273858921161
2004,YOLO,2234.0,2152.0,96.3294538943599
2004,YUBA,1054.0,990.0,93.92789373814043
2005,ALAMEDA,17718.0,16848.0,95.08973924822214
2005,AMADOR,314.0,301.0,95.85987261146497
2005,BUTTE,2396.0,2236.0,93.32220367278798
2005,CALAVERAS,454.0,409.0,90.08810572687224
2005,COLUSA,347.0,339.0,97.69452449567724
2005,CONTRA COSTA,14203.0,13729.0,96.66267689924663
2005,DEL NORTE,344.0,326.0,94.76744186046511
2005,EL DORADO,2045.0,1813.0,88.65525672371638
2005,FRESNO,14975.0,14543.0,97.1151919866444
2005,GLENN,431.0,424.0,98.37587006960557
2005,HUMBOLDT,1281.0,1104.0,86.18266978922716
2005,IMPERIAL,2592.0,2542.0,98.07098765432099
2005,INYO,173.0,167.0,96.53179190751445
2005,KERN,13407.0,12813.0,95.56947863056612
2005,KINGS,2301.0,2248.0,97.69665362885702
2005,LAKE,728.0,653.0,89.6978021978022
2005,LASSEN,375.0,333.0,88.8
2005,LOS ANGELES,136945.0,129396.0,94.48756800175254
2005,LPINE,14.0,13.0,92.85714285714286
2005,MADERA,2255.0,2117.0,93.88026607538804
2005,MARIN,2814.0,2532.0,89.97867803837953
2005,MARIPOSA,122.0,107.0,87.70491803278688
2005,MENDOCINO,966.0,853.0,88.30227743271222
2005,MERCED,4470.0,4290.0,95.9731543624161
2005,MODOC,97.0,92.0,94.84536082474226
2005,MONO,134.0,126.0,94.02985074626866
2005,MONTEREY,5623.0,5402.0,96.06971367597367
2005,NAPA,1615.0,1569.0,97.15170278637771
2005,NEVADA,991.0,809.0,81.63471241170535
2005,ORANGE,42110.0,39995.0,94.97744003799573
2005,PLACER,4845.0,4495.0,92.77605779153767
2005,PLUMAS,195.0,186.0,95.38461538461539
2005,RIVERSIDE,30485.0,29675.0,97.34295555191078
2005,SACRAMENTO,18466.0,16902.0,91.53038015812845
2005,SAN BENITO,928.0,898.0,96.76724137931035
2005,SAN BERNARDINO,31552.0,30463.0,96.54855476673428
2005,SAN DIEGO,39708.0,37825.0,95.2578825425607
2005,SAN FRANCISCO,6153.0,5771.0,93.79164635137332
2005,SAN JOAQUIN,10939.0,10602.0,96.91927964164915
2005,SAN LUIS OBISPO,2412.0,2247.0,93.1592039800995
2005,SAN MATEO,8589.0,8207.0,95.55245080917453
2005,SANTA BARBARA,5554.0,5256.0,94.63449765934462
2005,SANTA CLARA,24089.0,23240.0,96.4755697621321
2005,SANTA CRUZ,3270.0,2901.0,88.71559633027523
2005,SHASTA,2039.0,1877.0,92.05492888670918
2005,SIERRA,35.0,34.0,97.14285714285714
2005,SISKIYOU,405.0,346.0,85.4320987654321
2005,SOLANO,5360.0,5114.0,95.41044776119404
2005,SONOMA,5745.0,5271.0,91.74934725848564
2005,STANISLAUS,8274.0,7934.0,95.89074208363549
2005,SUTTER,1364.0,1317.0,96.5542521994135
2005,TEHAMA,867.0,819.0,94.4636678200692
2005,TRINITY,108.0,90.0,83.33333333333334
2005,TULARE,8009.0,7830.0,97.7650143588463
2005,TUOLUMNE,464.0,412.0,88.79310344827587
2005,VENTURA,11665.0,10835.0,92.88469781397343
2005,YOLO,2304.0,2247.0,97.52604166666666
2005,YUBA,1160.0,1050.0,90.51724137931035
2006,ALAMEDA,18096.0,17047.0,94.20313881520778
2006,AMADOR,277.0,264.0,95.30685920577618
2006,BUTTE,2497.0,2324.0,93.07168602322787
2006,CALAVERAS,460.0,411.0,89.34782608695652
2006,COLUSA,375.0,369.0,98.4
2006,CONTRA COSTA,13655.0,13109.0,96.0014646649579
2006,DEL NORTE,330.0,301.0,91.21212121212122
2006,EL DORADO,2105.0,1866.0,88.64608076009502
2006,FRESNO,14902.0,14401.0,96.63803516306537
2006,GLENN,451.0,441.0,97.78270509977827
2006,HUMBOLDT,1411.0,1224.0,86.74698795180723
2006,IMPERIAL,2650.0,2567.0,96.86792452830188
2006,INYO,176.0,169.0,96.02272727272727
2006,KERN,13529.0,12841.0,94.91462783649938
2006,KINGS,2292.0,2233.0,97.42582897033158
2006,LAKE,698.0,622.0,89.11174785100286
2006,LASSEN,313.0,268.0,85.62300319488818
2006,LOS ANGELES,128196.0,120671.0,94.1300820618428
2006,LPINE,16.0,15.0,93.75
2006,MADERA,2381.0,2215.0,93.02813943721125
2006,MARIN,2986.0,2701.0,90.45545880776959
2006,MARIPOSA,157.0,144.0,91.71974522292994
2006,MENDOCINO,945.0,821.0,86.87830687830687
2006,MERCED,4441.0,4288.0,96.55482999324477
2006,MODOC,114.0,107.0,93.85964912280701
2006,MONO,162.0,161.0,99.38271604938271
2006,MONTEREY,6158.0,5981.0,97.12569015914258
2006,NAPA,1671.0,1589.0,95.09275882704968
2006,NEVADA,845.0,643.0,76.09467455621302
2006,ORANGE,40860.0,38500.0,94.22418012726382
2006,PLACER,4902.0,4500.0,91.79926560587516
2006,PLUMAS,193.0,160.0,82.90155440414507
2006,RIVERSIDE,31549.0,30607.0,97.01416843640051
2006,SACRAMENTO,18912.0,17451.0,92.2747461928934
2006,SAN BENITO,911.0,880.0,96.59714599341383
2006,SAN BERNARDINO,31291.0,30241.0,96.64440254386245
2006,SAN DIEGO,39067.0,37220.0,95.2722246397215
2006,SAN FRANCISCO,6212.0,5768.0,92.85254346426271
2006,SAN JOAQUIN,10762.0,10347.0,96.14383943504924
2006,SAN LUIS OBISPO,2553.0,2370.0,92.8319623971798
2006,SAN MATEO,8390.0,7993.0,95.26817640047676
2006,SANTA BARBARA,5445.0,5166.0,94.87603305785125
2006,SANTA CLARA,23656.0,22824.0,96.48292188028407
2006,SANTA CRUZ,3251.0,2905.0,89.35712088588127
2006,SHASTA,2143.0,1934.0,90.24731684554364
2006,SIERRA,22.0,21.0,95.45454545454545
2006,SISKIYOU,376.0,289.0,76.86170212765957
2006,SOLANO,5233.0,5002.0,95.58570609592968
2006,SONOMA,5829.0,5292.0,90.78744209984559
2006,STANISLAUS,8397.0,8122.0,96.72502084077647
2006,SUTTER,1502.0,1447.0,96.33821571238349
2006,TEHAMA,802.0,750.0,93.51620947630923
2006,TRINITY,108.0,94.0,87.03703703703704
2006,TULARE,7976.0,7799.0,97.78084252758275
2006,TUOLUMNE,509.0,438.0,86.05108055009823
2006,VENTURA,11228.0,10537.0,93.84574278589241
2006,YOLO,2277.0,2191.0,96.22310057092666
2006,YUBA,1172.0,1098.0,93.68600682593856
2007,ALAMEDA,18196.0,17040.0,93.64695537480765
2007,AMADOR,320.0,303.0,94.6875
2007,BUTTE,2325.0,2167.0,93.20430107526882
2007,CALAVERAS,467.0,401.0,85.86723768736617
2007,COLUSA,373.0,357.0,95.71045576407506
2007,CONTRA COSTA,13985.0,13324.0,95.27350732928137
2007,DEL NORTE,324.0,313.0,96.60493827160494
2007,EL DORADO,2160.0,1955.0,90.50925925925925
2007,FRESNO,14577.0,14065.0,96.48761747959114
2007,GLENN,432.0,428.0,99.07407407407408
2007,HUMBOLDT,1259.0,1076.0,85.46465448768863
2007,IMPERIAL,2636.0,2557.0,97.00303490136571
2007,INYO,153.0,148.0,96.73202614379085
2007,KERN,13715.0,12944.0,94.37841779074006
2007,KINGS,2347.0,2298.0,97.91222837665104
2007,LAKE,693.0,614.0,88.60028860028861
2007,LASSEN,327.0,294.0,89.90825688073394
2007,LOS ANGELES,128118.0,119739.0,93.45993537207886
2007,LPINE,16.0,16.0,100.0
2007,MADERA,2313.0,2202.0,95.20103761348896
2007,MARIN,3099.0,2742.0,88.48015488867377
2007,MARIPOSA,165.0,139.0,84.24242424242424
2007,MENDOCINO,957.0,848.0,88.61024033437826
2007,MERCED,4380.0,4185.0,95.54794520547945
2007,MODOC,115.0,105.0,91.30434782608695
2007,MONO,123.0,119.0,96.7479674796748
2007,MONTEREY,6082.0,5883.0,96.72804998355804
2007,NAPA,1640.0,1589.0,96.89024390243902
2007,NEVADA,760.0,607.0,79.86842105263158
2007,ORANGE,39907.0,37140.0,93.06637933194678
2007,PLACER,4910.0,4463.0,90.89613034623218
2007,PLUMAS,232.0,221.0,95.25862068965517
2007,RIVERSIDE,31242.0,30317.0,97.03924204596377
2007,SACRAMENTO,16068.0,14564.0,90.63978093104306
2007,SAN BENITO,796.0,772.0,96.98492462311557
2007,SAN BERNARDINO,31122.0,29989.0,96.35948846475162
2007,SAN DIEGO,39159.0,37004.0,94.49679511734212
2007,SAN FRANCISCO,6050.0,5669.0,93.70247933884298
2007,SAN JOAQUIN,10639.0,10296.0,96.7760127831563
2007,SAN LUIS OBISPO,2526.0,2303.0,91.17181314330958
2007,SAN MATEO,8647.0,8055.0,93.1536949230947
2007,SANTA BARBARA,5273.0,4952.0,93.91238384221505
2007,SANTA CLARA,24357.0,23386.0,96.01346635464138
2007,SANTA CRUZ,3220.0,2818.0,87.51552795031056
2007,SHASTA,2142.0,1860.0,86.83473389355743
2007,SIERRA,35.0,34.0,97.14285714285714
2007,SISKIYOU,366.0,305.0,83.33333333333334
2007,SOLANO,5374.0,5171.0,96.22255303312244
2007,SONOMA,5790.0,5276.0,91.12262521588946
2007,STANISLAUS,8256.0,7899.0,95.67587209302324
2007,SUTTER,1463.0,1387.0,94.8051948051948
2007,TEHAMA,822.0,780.0,94.8905109489051
2007,TRINITY,90.0,78.0,86.66666666666667
2007,TULARE,8045.0,7839.0,97.43940335612182
2007,TUOLUMNE,443.0,347.0,78.3295711060948
2007,VENTURA,11071.0,10392.0,93.86685936229789
2007,YOLO,2391.0,2272.0,95.02300292764534
2007,YUBA,1133.0,1045.0,92.23300970873787
2008,ALAMEDA,17475.0,16313.0,93.35050071530759
2008,AMADOR,334.0,315.0,94.311377245509
2008,BUTTE,2494.0,2316.0,92.86287089013634
2008,CALAVERAS,365.0,305.0,83.56164383561644
2008,COLUSA,360.0,352.0,97.77777777777777
2008,CONTRA COSTA,14066.0,13321.0,94.70354045215413
2008,DEL NORTE,315.0,297.0,94.28571428571428
2008,EL DORADO,2188.0,1957.0,89.44241316270566
2008,FRESNO,15570.0,14799.0,95.04816955684008
2008,GLENN,430.0,421.0,97.90697674418605
2008,HUMBOLDT,1351.0,1071.0,79.27461139896373
2008,IMPERIAL,2877.0,2798.0,97.25408411539799
2008,INYO,190.0,182.0,95.78947368421052
2008,KERN,13346.0,12399.0,92.90424097107748
2008,KINGS,2351.0,2289.0,97.3628243300723
2008,LAKE,541.0,486.0,89.83364140480592
2008,LASSEN,321.0,284.0,88.47352024922118
2008,LOS ANGELES,123892.0,115806.0,93.47334775449585
2008,LPINE,12.0,11.0,91.66666666666666
2008,MADERA,2335.0,2245.0,96.1456102783726
2008,MARIN,3082.0,2721.0,88.2868267358858
2008,MARIPOSA,129.0,109.0,84.49612403100775
2008,MENDOCINO,1002.0,886.0,88.42315369261478
2008,MERCED,4307.0,4129.0,95.86719294172278
2008,MODOC,119.0,112.0,94.11764705882352
2008,MONO,114.0,113.0,99.12280701754386
2008,MONTEREY,6287.0,5996.0,95.37140130427866
2008,NAPA,1780.0,1692.0,95.0561797752809
2008,NEVADA,758.0,621.0,81.92612137203166
2008,ORANGE,41019.0,37983.0,92.59855189058729
2008,PLACER,4345.0,3928.0,90.40276179516687
2008,PLUMAS,247.0,221.0,89.47368421052632
2008,RIVERSIDE,31390.0,30143.0,96.02739726027397
2008,SACRAMENTO,18570.0,16695.0,89.90306946688207
2008,SAN BENITO,862.0,817.0,94.77958236658934
2008,SAN BERNARDINO,30763.0,29393.0,95.5465981861327
2008,SAN DIEGO,40384.0,38216.0,94.63153724247226
2008,SAN FRANCISCO,6208.0,5782.0,93.13788659793815
2008,SAN JOAQUIN,10610.0,10217.0,96.29594721960414
2008,SAN LUIS OBISPO,2693.0,2445.0,90.79093947270702
2008,SAN MATEO,8996.0,8269.0,91.91863050244552
2008,SANTA BARBARA,5406.0,5101.0,94.35812060673327
2008,SANTA CLARA,25078.0,24106.0,96.12409283036925
2008,SANTA CRUZ,2887.0,2522.0,87.35711811569102
2008,SHASTA,2118.0,1850.0,87.34655335221908
2008,SIERRA,30.0,28.0,93.33333333333333
2008,SISKIYOU,425.0,338.0,79.52941176470588
2008,SOLANO,5203.0,5033.0,96.73265423793966
2008,SONOMA,5917.0,5277.0,89.18370796011492
2008,STANISLAUS,8051.0,7684.0,95.4415600546516
2008,SUTTER,1632.0,1511.0,92.5857843137255
2008,TEHAMA,906.0,851.0,93.92935982339957
2008,TRINITY,117.0,99.0,84.61538461538461
2008,TULARE,8173.0,7949.0,97.2592683225254
2008,TUOLUMNE,519.0,416.0,80.15414258188824
2008,VENTURA,11551.0,10603.0,91.79291836204658
2008,YOLO,2441.0,2259.0,92.5440393281442
2008,YUBA,1153.0,1072.0,92.9748482220295
2009,ALAMEDA,17933.0,16747.0,93.38649417275414
2009,AMADOR,324.0,305.0,94.1358024691358
2009,BUTTE,2503.0,2272.0,90.77107471034759
2009,CALAVERAS,385.0,312.0,81.03896103896105
2009,COLUSA,372.0,369.0,99.19354838709677
2009,CONTRA COSTA,13786.0,13007.0,94.34933991005367
2009,DEL NORTE,299.0,272.0,90.96989966555184
2009,EL DORADO,2187.0,1966.0,89.89483310470965
2009,FRESNO,14810.0,14082.0,95.08440243079
2009,GLENN,390.0,379.0,97.17948717948718
2009,HUMBOLDT,1354.0,1087.0,80.28064992614475
2009,IMPERIAL,2656.0,2536.0,95.48192771084338
2009,INYO,209.0,206.0,98.56459330143541
2009,KERN,13515.0,12644.0,93.55530891601924
2009,KINGS,2153.0,2080.0,96.60938225731537
2009,LAKE,753.0,662.0,87.91500664010624
2009,LASSEN,314.0,270.0,85.98726114649682
2009,LOS ANGELES,118829.0,109951.0,92.52875981452338
2009,LPINE,12.0,11.0,91.66666666666666
2009,MADERA,2190.0,2106.0,96.16438356164385
2009,MARIN,3204.0,2778.0,86.70411985018727
2009,MARIPOSA,132.0,124.0,93.93939393939394
2009,MENDOCINO,967.0,843.0,87.17683557394002
2009,MERCED,4009.0,3881.0,96.80718383636817
2009,MODOC,118.0,109.0,92.37288135593221
2009,MONO,139.0,136.0,97.84172661870504
2009,MONTEREY,6219.0,5894.0,94.77407943399261
2009,NAPA,1718.0,1655.0,96.33294528521536
2009,NEVADA,718.0,558.0,77.71587743732591
2009,ORANGE,40541.0,37236.0,91.84775905873067
2009,PLACER,5182.0,4704.0,90.775762253956
2009,PLUMAS,172.0,143.0,83.13953488372093
2009,RIVERSIDE,31624.0,30205.0,95.51290159372628
2009,SACRAMENTO,19292.0,16989.0,88.06240928882438
2009,SAN BENITO,827.0,803.0,97.09794437726723
2009,SAN BERNARDINO,30854.0,29540.0,95.74123290335127
2009,SAN DIEGO,40454.0,37858.0,93.58283482473921
2009,SAN FRANCISCO,6598.0,6163.0,93.40709305850258
2009,SAN JOAQUIN,11041.0,10583.0,95.85182501585001
2009,SAN LUIS OBISPO,2747.0,2494.0,90.78995267564616
2009,SAN MATEO,9160.0,8379.0,91.47379912663756
2009,SANTA BARBARA,5721.0,5382.0,94.0744625065548
2009,SANTA CLARA,24794.0,23709.0,95.62394127611519
2009,SANTA CRUZ,3342.0,2882.0,86.23578695391981
2009,SHASTA,2114.0,1832.0,86.66035950804162
2009,SIERRA,22.0,17.0,77.27272727272727
2009,SISKIYOU,400.0,342.0,85.5
2009,SOLANO,5208.0,4990.0,95.81413210445469
2009,SONOMA,5713.0,5120.0,89.62016453702083
2009,STANISLAUS,8093.0,7704.0,95.19337699246262
2009,SUTTER,1475.0,1409.0,95.52542372881356
2009,TEHAMA,864.0,827.0,95.7175925925926
2009,TRINITY,61.0,56.0,91.80327868852459
2009,TULARE,7442.0,7190.0,96.61381349099705
2009,TUOLUMNE,473.0,366.0,77.3784355179704
2009,VENTURA,11683.0,10690.0,91.50047076949413
2009,YOLO,2380.0,2257.0,94.83193277310924
2009,YUBA,1178.0,1094.0,92.86926994906621
2010,ALAMEDA,17721.0,16559.0,93.44280796794763
2010,AMADOR,311.0,298.0,95.81993569131832
2010,BUTTE,2497.0,2252.0,90.18822587104526
2010,CALAVERAS,394.0,311.0,78.93401015228426
2010,COLUSA,369.0,360.0,97.5609756097561
2010,CONTRA COSTA,13868.0,13038.0,94.01499855783098
2010,DEL NORTE,309.0,284.0,91.9093851132686
2010,EL DORADO,2512.0,2189.0,87.14171974522293
2010,FRESNO,15689.0,15147.0,96.54535024539487
2010,GLENN,464.0,449.0,96.76724137931035
2010,HUMBOLDT,1458.0,1160.0,79.56104252400549
2010,IMPERIAL,2880.0,2767.0,96.07638888888889
2010,INYO,199.0,194.0,97.48743718592965
2010,KERN,14406.0,13204.0,91.65625433847008
2010,KINGS,2612.0,2547.0,97.5114854517611
2010,LAKE,751.0,689.0,91.74434087882824
2010,LASSEN,292.0,266.0,91.0958904109589
2010,LOS ANGELES,122736.0,113986.0,92.87087733020468
2010,LPINE,13.0,13.0,100.0
2010,MADERA,2280.0,2204.0,96.66666666666667
2010,MARIN,3270.0,2832.0,86.60550458715596
2010,MARIPOSA,293.0,242.0,82.5938566552901
2010,MENDOCINO,1087.0,936.0,86.10855565777369
2010,MERCED,4478.0,4293.0,95.86869138008039
2010,MODOC,114.0,108.0,94.73684210526315
2010,MONO,145.0,140.0,96.55172413793103
2010,MONTEREY,6585.0,6277.0,95.32270311313592
2010,NAPA,1700.0,1610.0,94.70588235294117
2010,NEVADA,758.0,583.0,76.91292875989446
2010,ORANGE,41113.0,37784.0,91.90280446574076
2010,PLACER,5289.0,4838.0,91.47286821705426
2010,PLUMAS,162.0,145.0,89.50617283950618
2010,RIVERSIDE,31953.0,30538.0,95.57162081807655
2010,SACRAMENTO,19216.0,16915.0,88.02560366361367
2010,SAN BENITO,855.0,825.0,96.49122807017544
2010,SAN BERNARDINO,31718.0,30287.0,95.48836622737878
2010,SAN DIEGO,41492.0,38763.0,93.42282849705967
2010,SAN FRANCISCO,6516.0,5937.0,91.11418047882137
2010,SAN JOAQUIN,10997.0,10635.0,96.70819314358461
2010,SAN LUIS OBISPO,2659.0,2387.0,89.77059044753666
2010,SAN MATEO,9110.0,8337.0,91.51481888035127
2010,SANTA BARBARA,5901.0,5589.0,94.71276054905948
2010,SANTA CLARA,25329.0,24195.0,95.52291839393581
2010,SANTA CRUZ,3416.0,2911.0,85.21662763466043
2010,SHASTA,2078.0,1764.0,84.8893166506256
2010,SIERRA,28.0,26.0,92.85714285714286
2010,SISKIYOU,452.0,377.0,83.4070796460177
2010,SOLANO,5183.0,4994.0,96.35346324522477
2010,SONOMA,5915.0,5362.0,90.6508875739645
2010,STANISLAUS,8457.0,8066.0,95.37661109140357
2010,SUTTER,1729.0,1574.0,91.03528050896472
2010,TEHAMA,988.0,928.0,93.92712550607287
2010,TRINITY,116.0,95.0,81.89655172413794
2010,TULARE,8323.0,8107.0,97.4047819295927
2010,TUOLUMNE,435.0,347.0,79.77011494252874
2010,VENTURA,11830.0,10835.0,91.58918005071851
2010,YOLO,2423.0,2229.0,91.99339661576558
2010,YUBA,1214.0,1091.0,89.86820428336078
2011,ALAMEDA,19576.0,18235.0,93.14977523498162
2011,ALPINE,12.0,12.0,100.0
2011,AMADOR,315.0,285.0,90.47619047619048
2011,BUTTE,2562.0,2305.0,89.9687743950039
2011,CALAVERAS,392.0,318.0,81.12244897959184
2011,COLUSA,383.0,378.0,98.69451697127938
2011,CONTRA COSTA,14357.0,13680.0,95.2845301943303
2011,DEL NORTE,361.0,316.0,87.53462603878116
2011,EL DORADO,2550.0,2274.0,89.17647058823529
2011,FRESNO,16460.0,15725.0,95.53462940461725
2011,GLENN,475.0,461.0,97.05263157894737
2011,HUMBOLDT,1479.0,1179.0,79.71602434077079
2011,IMPERIAL,2740.0,2650.0,96.71532846715328
2011,INYO,226.0,222.0,98.23008849557522
2011,KERN,15067.0,14234.0,94.47136125306962
2011,KINGS,2567.0,2465.0,96.02649006622516
2011,LAKE,716.0,638.0,89.10614525139665
2011,LASSEN,329.0,288.0,87.53799392097264
2011,LOS ANGELES,129954.0,119957.0,92.3072779598935
2011,MADERA,2564.0,2429.0,94.73478939157566
2011,MARIN,3313.0,2738.0,82.64412918804709
2011,MARIPOSA,149.0,131.0,87.91946308724832
2011,MENDOCINO,1036.0,890.0,85.9073359073359
2011,MERCED,4762.0,4605.0,96.70306593868123
2011,MODOC,122.0,99.0,81.14754098360656
2011,MONO,130.0,128.0,98.46153846153847
2011,MONTEREY,6814.0,6480.0,95.0983269738773
2011,NAPA,1758.0,1659.0,94.36860068259386
2011,NEVADA,738.0,540.0,73.17073170731707
2011,ORANGE,41693.0,38352.0,91.98666442808145
2011,PLACER,5280.0,4663.0,88.31439393939394
2011,PLUMAS,182.0,167.0,91.75824175824175
2011,RIVERSIDE,33079.0,31470.0,95.1358868164092
2011,SACRAMENTO,20108.0,17471.0,86.88581659041178
2011,SAN BENITO,906.0,880.0,97.13024282560706
2011,SAN BERNARDINO,32677.0,31192.0,95.45551917250665
2011,SAN DIEGO,42967.0,40043.0,93.19477738729722
2011,SAN FRANCISCO,6698.0,6087.0,90.87787399223649
2011,SAN JOAQUIN,11246.0,10960.0,97.4568735550418
2011,SAN LUIS OBISPO,2776.0,2482.0,89.4092219020173
2011,SAN MATEO,9345.0,8708.0,93.18352059925094
2011,SANTA BARBARA,5734.0,5444.0,94.9424485524939
2011,SANTA CLARA,26044.0,24948.0,95.7917370603594
2011,SANTA CRUZ,3579.0,3104.0,86.72813635093601
2011,SHASTA,2197.0,1849.0,84.16021847974511
2011,SIERRA,25.0,24.0,96.0
2011,SISKIYOU,435.0,370.0,85.0574712643678
2011,SOLANO,5267.0,5055.0,95.97493829504462
2011,SONOMA,6023.0,5513.0,91.53245890752116
2011,STANISLAUS,8570.0,8113.0,94.66744457409568
2011,SUTTER,1683.0,1535.0,91.20617944147355
2011,TEHAMA,910.0,869.0,95.4945054945055
2011,TRINITY,81.0,68.0,83.9506172839506
2011,TULARE,8529.0,8264.0,96.89295345292531
2011,TUOLUMNE,494.0,398.0,80.5668016194332
2011,VENTURA,12111.0,11075.0,91.44579308067047
2011,YOLO,2568.0,2420.0,94.2367601246106
2011,YUBA,1222.0,1116.0,91.32569558101473
2012,ALAMEDA,19286.0,17463.0,90.54754744374158
2012,ALPINE,19.0,16.0,84.21052631578947
2012,AMADOR,282.0,256.0,90.78014184397163
2012,BUTTE,2625.0,2374.0,90.43809523809524
2012,CALAVERAS,395.0,315.0,79.74683544303798
2012,COLUSA,399.0,390.0,97.74436090225564
2012,CONTRA COSTA,14583.0,13852.0,94.98731399574848
2012,DEL NORTE,286.0,252.0,88.11188811188812
2012,EL DORADO,2427.0,2145.0,88.38071693448703
2012,FRESNO,17232.0,16465.0,95.54897864438254
2012,GLENN,378.0,370.0,97.88359788359789
2012,HUMBOLDT,1505.0,1215.0,80.73089700996677
2012,IMPERIAL,2720.0,2618.0,96.25
2012,INYO,207.0,201.0,97.10144927536231
2012,KERN,15722.0,14993.0,95.36318534537591
2012,KINGS,2500.0,2443.0,97.72
2012,LAKE,720.0,641.0,89.02777777777777
2012,LASSEN,345.0,295.0,85.5072463768116
2012,LOS ANGELES,131102.0,119678.0,91.28617412396454
2012,MADERA,2536.0,2405.0,94.83438485804416
2012,MARIN,3389.0,2910.0,85.86603717910887
2012,MARIPOSA,115.0,96.0,83.47826086956522
2012,MENDOCINO,1079.0,921.0,85.35681186283595
2012,MERCED,4743.0,4565.0,96.24710099093402
2012,MODOC,109.0,102.0,93.57798165137615
2012,MONO,136.0,128.0,94.11764705882352
2012,MONTEREY,6620.0,6277.0,94.81873111782477
2012,NAPA,1681.0,1592.0,94.70553242117788
2012,NEVADA,827.0,582.0,70.37484885126965
2012,ORANGE,42260.0,38929.0,92.11784193090394
2012,PLACER,5530.0,4821.0,87.17902350813743
2012,PLUMAS,194.0,174.0,89.69072164948454
2012,RIVERSIDE,33961.0,32292.0,95.08553929507376
2012,SACRAMENTO,19520.0,17015.0,87.16700819672131
2012,SAN BENITO,890.0,865.0,97.19101123595506
2012,SAN BERNARDINO,31972.0,30483.0,95.34279994995622
2012,SAN DIEGO,42433.0,39247.0,92.49169278627484
2012,SAN FRANCISCO,6641.0,6068.0,91.37178135822919
2012,SAN JOAQUIN,11139.0,10846.0,97.36960229823144
2012,SAN LUIS OBISPO,3000.0,2689.0,89.63333333333333
2012,SAN MATEO,9489.0,8929.0,94.09842976077563
2012,SANTA BARBARA,5958.0,5550.0,93.15206445115811
2012,SANTA CLARA,24734.0,23531.0,95.13624969677366
2012,SANTA CRUZ,3527.0,3020.0,85.62517720442303
2012,SHASTA,2103.0,1763.0,83.83262006657156
2012,SIERRA,18.0,18.0,100.0
2012,SISKIYOU,457.0,386.0,84.46389496717724
2012,SOLANO,5373.0,5130.0,95.47738693467338
2012,SONOMA,6523.0,5936.0,91.00107312586233
2012,STANISLAUS,8489.0,8012.0,94.38096359995288
2012,SUTTER,1651.0,1468.0,88.91580860084797
2012,TEHAMA,892.0,838.0,93.94618834080718
2012,TRINITY,91.0,73.0,80.21978021978022
2012,TULARE,8640.0,8291.0,95.96064814814815
2012,TUOLUMNE,446.0,352.0,78.9237668161435
2012,VENTURA,12000.0,10963.0,91.35833333333333
2012,YOLO,2406.0,2249.0,93.47464671654197
2012,YUBA,1231.0,1110.0,90.1705930138099
2013,ALAMEDA,19633.0,17948.0,91.4175113329598
2013,ALPINE,12.0,10.0,83.33333333333334
2013,AMADOR,291.0,245.0,84.19243986254295
2013,BUTTE,2661.0,2352.0,88.38782412626833
2013,CALAVERAS,443.0,349.0,78.78103837471784
2013,COLUSA,426.0,422.0,99.06103286384976
2013,CONTRA COSTA,14786.0,14067.0,95.1372920330042
2013,DEL NORTE,316.0,278.0,87.9746835443038
2013,EL DORADO,2190.0,1847.0,84.337899543379
2013,FRESNO,17749.0,16859.0,94.98563299340807
2013,GLENN,488.0,474.0,97.1311475409836
2013,HUMBOLDT,1539.0,1206.0,78.3625730994152
2013,IMPERIAL,2939.0,2848.0,96.9037087444709
2013,INYO,188.0,182.0,96.80851063829788
2013,KERN,16145.0,15187.0,94.06627438835554
2013,KINGS,2753.0,2694.0,97.85688339992736
2013,LAKE,813.0,720.0,88.56088560885608
2013,LASSEN,367.0,326.0,88.8283378746594
2013,LOS ANGELES,130054.0,118833.0,91.3720454580405
2013,MADERA,2750.0,2622.0,95.34545454545454
2013,MARIN,3409.0,2895.0,84.9222645937225
2013,MARIPOSA,111.0,90.0,81.08108108108108
2013,MENDOCINO,1139.0,887.0,77.87532923617209
2013,MERCED,4855.0,4661.0,96.00411946446961
2013,MODOC,137.0,124.0,90.51094890510949
2013,MONO,126.0,116.0,92.06349206349206
2013,MONTEREY,6964.0,6444.0,92.53302699597931
2013,NAPA,1705.0,1596.0,93.60703812316716
2013,NEVADA,837.0,628.0,75.02986857825567
2013,ORANGE,42781.0,38951.0,91.04742759636288
2013,PLACER,5546.0,4883.0,88.04543815362423
2013,PLUMAS,157.0,132.0,84.07643312101911
2013,RIVERSIDE,33735.0,31974.0,94.77990217874611
2013,SACRAMENTO,19181.0,16751.0,87.3312131797091
2013,SAN BENITO,896.0,871.0,97.20982142857143
2013,SAN BERNARDINO,32472.0,30680.0,94.48139935944813
2013,SAN DIEGO,43026.0,39542.0,91.90257053874402
2013,SAN FRANCISCO,6535.0,5926.0,90.68094873756695
2013,SAN JOAQUIN,10977.0,10598.0,96.54732622756673
2013,SAN LUIS OBISPO,2864.0,2502.0,87.36033519553072
2013,SAN MATEO,9299.0,8640.0,92.91321647488977
2013,SANTA BARBARA,6304.0,5863.0,93.00444162436548
2013,SANTA CLARA,26021.0,24568.0,94.41604857615003
2013,SANTA CRUZ,3602.0,3134.0,87.00721821210439
2013,SHASTA,2301.0,1856.0,80.66058235549761
2013,SIERRA,23.0,23.0,100.0
2013,SISKIYOU,427.0,354.0,82.90398126463701
2013,SOLANO,5360.0,5128.0,95.67164179104478
2013,SONOMA,6478.0,5898.0,91.04661932695277
2013,STANISLAUS,9109.0,8574.0,94.12668789109672
2013,SUTTER,1717.0,1566.0,91.20559114735003
2013,TEHAMA,996.0,948.0,95.18072289156626
2013,TRINITY,98.0,74.0,75.51020408163265
2013,TULARE,8695.0,8438.0,97.04427832087407
2013,TUOLUMNE,518.0,398.0,76.83397683397683
2013,VENTURA,11757.0,10672.0,90.77145530322362
2013,YOLO,2555.0,2374.0,92.91585127201566
2013,YUBA,1274.0,1196.0,93.87755102040816
2014,ALAMEDA,20718.0,18945.0,91.44222415291051
2014,AMADOR,266.0,252.0,94.73684210526315
2014,BUTTE,2707.0,2411.0,89.06538603620244
2014,CALAVERAS,401.0,340.0,84.78802992518703
2014,COLUSA,396.0,393.0,99.24242424242425
2014,CONTRA COSTA,14603.0,13907.0,95.2338560569746
2014,DEL NORTE,320.0,288.0,90.0
2014,EL DORADO,2157.0,1963.0,91.00602688919795
2014,FRESNO,17895.0,17192.0,96.07152835987705
2014,GLENN,293.0,288.0,98.29351535836177
2014,HUMBOLDT,1530.0,1250.0,81.69934640522875
2014,IMPERIAL,3086.0,2950.0,95.59300064808815
2014,INYO,233.0,227.0,97.42489270386267
2014,KERN,16031.0,15223.0,94.95976545443203
2014,KINGS,2705.0,2630.0,97.22735674676525
2014,LAKE,835.0,770.0,92.21556886227546
2014,LASSEN,350.0,300.0,85.71428571428571
2014,LOS ANGELES,129494.0,115757.0,89.39178649203824
2014,MADERA,2229.0,2098.0,94.12292507851055
2014,MARIN,3290.0,2886.0,87.72036474164133
2014,MARIPOSA,157.0,128.0,81.52866242038218
2014,MENDOCINO,1157.0,971.0,83.92394122731201
2014,MERCED,5178.0,5003.0,96.6203167246041
2014,MODOC,104.0,98.0,94.23076923076923
2014,MONO,136.0,121.0,88.97058823529412
2014,MONTEREY,6938.0,6288.0,90.6313058518305
2014,NAPA,1883.0,1785.0,94.79553903345726
2014,NEVADA,838.0,625.0,74.58233890214797
2014,ORANGE,41821.0,38544.0,92.16422371535832
2014,PLACER,5485.0,4832.0,88.09480401093892
2014,PLUMAS,140.0,119.0,85.0
2014,RIVERSIDE,34353.0,32780.0,95.42106948447005
2014,SACRAMENTO,19462.0,17321.0,88.99907512074813
2014,SAN BENITO,880.0,856.0,97.27272727272728
2014,SAN BERNARDINO,33643.0,31981.0,95.05989358856226
2014,SAN DIEGO,43607.0,40837.0,93.64780883803058
2014,SAN FRANCISCO,6515.0,5768.0,88.53415195702226
2014,SAN JOAQUIN,11697.0,11277.0,96.40933572710951
2014,SAN LUIS OBISPO,2928.0,2620.0,89.48087431693989
2014,SAN MATEO,9284.0,8807.0,94.86212839293408
2014,SANTA BARBARA,6594.0,6300.0,95.54140127388536
2014,SANTA CLARA,24460.0,23285.0,95.19623875715453
2014,SANTA CRUZ,3640.0,3145.0,86.4010989010989
2014,SHASTA,2186.0,1887.0,86.3220494053065
2014,SIERRA,25.0,25.0,100.0
2014,SISKIYOU,440.0,380.0,86.36363636363636
2014,SOLANO,5255.0,5023.0,95.58515699333968
2014,SONOMA,6466.0,5944.0,91.92700278379215
2014,STANISLAUS,8852.0,8351.0,94.3402620876638
2014,SUTTER,1840.0,1682.0,91.41304347826087
2014,TEHAMA,946.0,906.0,95.77167019027483
2014,TRINITY,87.0,76.0,87.35632183908046
2014,TULARE,9286.0,9031.0,97.25393064828775
2014,TUOLUMNE,438.0,361.0,82.42009132420091
2014,VENTURA,12048.0,11065.0,91.84096945551128
2014,YOLO,2478.0,2333.0,94.14850686037127
2014,YUBA,1251.0,1209.0,96.64268585131894
2015,ALAMEDA,21587.0,20901.0,96.82216148607958
2015,AMADOR,302.0,270.0,89.40397350993378
2015,BUTTE,2879.0,2633.0,91.45536644668287
2015,CALAVERAS,417.0,370.0,88.72901678657075
2015,COLUSA,393.0,392.0,99.74554707379136
2015,CONTRA COSTA,15317.0,14706.0,96.01096820526213
2015,DEL NORTE,330.0,295.0,89.39393939393939
2015,EL DORADO,2232.0,2029.0,90.90501792114696
2015,FRESNO,18691.0,18117.0,96.92900326360281
2015,GLENN,478.0,456.0,95.39748953974896
2015,HUMBOLDT,1653.0,1402.0,84.81548699334543
2015,IMPERIAL,3200.0,3095.0,96.71875
2015,INYO,204.0,203.0,99.50980392156863
2015,KERN,16407.0,15790.0,96.23941000792344
2015,KINGS,2570.0,2500.0,97.27626459143968
2015,LAKE,785.0,740.0,94.26751592356688
2015,LASSEN,369.0,324.0,87.8048780487805
2015,LOS ANGELES,133398.0,123620.0,92.6700550233137
2015,MADERA,2772.0,2671.0,96.35642135642135
2015,MARIN,3268.0,2960.0,90.57527539779682
2015,MARIPOSA,147.0,120.0,81.63265306122449
2015,MENDOCINO,1134.0,1017.0,89.68253968253968
2015,MERCED,4994.0,4847.0,97.05646776131358
2015,MODOC,126.0,111.0,88.09523809523809
2015,MONO,126.0,113.0,89.68253968253968
2015,MONTEREY,6916.0,6619.0,95.70561017929438
2015,NAPA,1712.0,1621.0,94.68457943925233
2015,NEVADA,875.0,690.0,78.85714285714286
2015,ORANGE,41718.0,39127.0,93.78925164197709
2015,PLACER,5704.0,5162.0,90.49789621318372
2015,PLUMAS,182.0,159.0,87.36263736263736
2015,RIVERSIDE,34329.0,32915.0,95.88103352850361
2015,SACRAMENTO,20579.0,18474.0,89.77112590504883
2015,SAN BENITO,878.0,852.0,97.03872437357631
2015,SAN BERNARDINO,33939.0,32445.0,95.59798461946434
2015,SAN DIEGO,45386.0,42850.0,94.41237385978056
2015,SAN FRANCISCO,6429.0,6029.0,93.77819256494011
2015,SAN JOAQUIN,12176.0,11790.0,96.82982917214193
2015,SAN LUIS OBISPO,3072.0,2799.0,91.11328125
2015,SAN MATEO,9702.0,9346.0,96.33065347351062
2015,SANTA BARBARA,6679.0,6399.0,95.80775565204372
2015,SANTA CLARA,26175.0,25099.0,95.88920725883476
2015,SANTA CRUZ,3518.0,3144.0,89.3689596361569
2015,SHASTA,2158.0,1836.0,85.07877664504171
2015,SIERRA,24.0,24.0,100.0
2015,SISKIYOU,427.0,371.0,86.88524590163934
2015,SOLANO,5586.0,5341.0,95.6140350877193
2015,SONOMA,6698.0,6258.0,93.43087488802627
2015,STANISLAUS,9367.0,8956.0,95.61225579160883
2015,SUTTER,1897.0,1716.0,90.45861887190301
2015,TEHAMA,981.0,930.0,94.80122324159022
2015,TRINITY,125.0,96.0,76.8
2015,TULARE,9242.0,9016.0,97.5546418524129
2015,TUOLUMNE,547.0,447.0,81.71846435100548
2015,VENTURA,12622.0,11977.0,94.88987482173982
2015,YOLO,2713.0,2530.0,93.25469959454479
2015,YUBA,1385.0,1330.0,96.028880866426
